Date,NULL,304,240,303,15,241,8,250,115,5,175,134,156,243,242,3,105,40,147,306,184,96,2,127,95,146,9,177,6,143,244,149,167,300,171,305,67,196,152,142,261,104,36,26,29,258,110,71,181,88,251,275,69,248,208,256,314,126,281,273,253,185,330,334,328,326,321,324,313,38,155,68,335,308,332,94,348,310,339,375,66,327,387,298,91,245,385,257,393,168,405,249,315,75,128,307,11,436,1,201,183,223,368,336,291,464,411,481,10,154,468,410,390,440,495,492,493,434,57,531,420,483,526,472,429,16,446,34,78,139,252,270,47,114,301,193,182,135,350,195,352,355,159,363,384,360,331,367,64,406,163,414,333,427,431,430,426,438,433,418,441,282,432,72,450,180,454,455,59,451,254,358,469,165,467,510,337,476,502,527,479,508,535,302,497,187,13,7,27,14,22,17,28,42,20,19,45,37,61,39,21,24,41,50,30,54,52,12,44,31,83,32,63,60,55,56,89,87,118,86,85,210,214,129,179,138,174,170,153,93,151,119,35,173,58,53,133,79,235,192,191,236,162,215,157,287,132,234,98,77,103,107,262,220,121,205,378,23,296,290,229,33,286,276,425,484,323,403,219,394,509,111,423,4,70,82,81,74,92,99,90,112,117,106,148,158,144,211,213,216,232,150,267,227,247,278,280,285,289,269,295,265,288,122,294,325,341,344,346,359,283,364,370,371,25,141,391,397,416,404,299,197,73,354,444,408,461,388,453,459,474,475,480,449
2015-07-07,39,1,119,1,3,20,12,21,7,4,5,4,13,12,7,1,2,9,1,1,2,1,3,1,1,0,41,0,74,2,0,2,0,0,0,0,0,4,0,5,0,0,0,0,0,0,0,0,0,0,0,0,3,0,0,0,0,0,0,0,1,0,0,0,0,0,0,0,0,0,0,0,0,0,0,0,0,0,0,0,0,0,0,0,0,0,0,0,0,0,0,0,0,0,1,0,6,0,106,0,0,0,0,0,0,0,0,0,0,0,0,0,0,0,0,0,0,0,0,0,0,0,0,0,0,0,0,0,0,0,0,0,0,0,0,0,0,0,0,0,0,0,0,0,0,0,0,0,0,0,0,0,0,0,0,0,0,0,0,0,0,0,0,0,0,0,0,0,0,0,0,0,0,0,0,0,0,0,0,0,0,0,0,0,0,0,2,4,0,0,0,0,0,0,0,0,0,0,0,0,0,0,0,0,0,0,0,0,0,0,0,0,0,0,0,0,0,0,0,0,0,0,0,0,0,0,0,0,0,0,0,0,0,0,0,0,0,0,0,0,0,0,0,0,0,0,0,0,0,0,0,0,0,0,0,0,0,0,0,0,0,0,0,0,0,0,0,0,0,0,0,0,0,0,0,0,0,0,0,0,0,0,0,0,0,0,0,0,0,0,0,0,0,0,0,0,0,0,0,0,0,0,0,0,0,0,0,0,0,0,0,0,0,0,0,0,0,0,0,0,0,0,0,0,0,0,0,0,0,0,0,0,0,0
2015-07-14,70,1,237,1,6,34,24,48,8,27,6,6,23,20,12,1,4,19,5,1,2,2,3,1,1,1,67,1,78,5,1,4,1,1,1,0,0,4,0,6,1,0,0,4,0,0,0,0,0,0,0,0,4,0,0,0,0,0,0,0,1,0,0,0,0,0,0,0,0,0,0,0,0,0,0,0,0,0,0,0,0,0,0,0,0,0,0,0,0,0,0,0,0,0,1,0,8,0,219,0,0,0,0,0,0,0,0,0,0,0,0,0,0,0,0,0,0,0,0,0,0,0,0,0,0,0,0,0,0,0,0,0,0,0,0,0,0,0,0,0,0,0,0,0,0,0,0,0,0,0,0,0,0,0,0,0,0,0,0,0,0,0,0,0,0,0,0,0,0,0,0,0,0,0,0,0,0,0,0,0,0,0,0,0,0,0,3,12,1,7,1,32,0,0,0,0,0,0,0,0,0,0,0,0,0,0,0,0,0,0,0,0,0,0,0,0,0,0,0,0,0,0,0,0,0,0,0,0,0,0,0,0,0,0,0,0,0,0,0,0,0,0,0,0,0,0,0,0,0,0,0,0,0,0,0,0,0,0,0,0,0,0,0,0,0,0,0,0,0,0,0,0,0,0,0,0,0,0,0,0,0,0,0,0,0,0,0,0,0,0,0,0,0,0,0,0,0,0,0,0,0,0,0,0,0,0,0,0,0,0,0,0,0,0,0,0,0,0,0,0,0,0,0,0,0,0,0,0,0,0,0,0,0,0
2015-07-21,108,0,234,0,5,41,20,60,3,31,12,2,12,15,15,0,3,13,6,0,0,1,2,0,1,2,48,1,75,3,1,2,1,1,3,20,1,9,5,16,3,1,1,4,0,0,0,0,0,0,0,0,1,0,0,0,0,0,0,0,0,0,0,0,0,0,0,0,0,0,0,0,0,0,0,0,0,0,0,0,0,0,0,0,0,0,0,0,0,0,0,0,0,0,0,0,4,0,376,0,0,0,0,0,0,0,0,0,1,0,0,0,0,0,0,0,0,0,0,0,0,0,0,0,0,0,0,0,0,0,0,0,0,0,0,0,0,0,0,0,0,0,0,0,0,0,0,0,0,0,0,0,0,0,0,0,0,0,0,0,0,0,0,0,0,0,0,0,0,0,0,0,0,0,0,0,0,0,0,0,0,0,0,0,0,0,3,12,1,7,1,57,1,0,0,1,0,0,0,0,0,0,0,0,0,0,0,0,0,0,0,0,0,0,0,0,0,0,0,0,0,0,0,0,0,0,0,0,0,0,0,0,0,0,0,0,0,0,0,0,0,0,0,0,0,0,0,0,0,0,0,0,0,0,0,0,0,0,0,0,0,0,0,0,0,0,0,0,0,0,0,0,0,0,0,0,0,0,0,0,0,0,0,0,0,0,0,0,0,0,0,0,0,0,0,0,0,0,0,0,0,0,0,0,0,0,0,0,0,0,0,0,0,0,0,0,0,0,0,0,0,0,0,0,0,0,0,0,0,0,0,0,0,0
2015-07-28,114,0,253,0,3,47,19,58,2,17,15,10,7,8,22,0,2,5,6,0,0,2,2,0,4,2,49,3,73,1,0,1,0,0,7,20,1,19,5,23,3,1,3,0,0,0,0,0,0,0,0,0,0,0,0,0,0,0,0,0,0,0,0,0,0,0,0,0,0,0,0,0,0,0,0,0,0,0,0,0,0,0,0,0,0,0,0,0,0,0,0,0,0,0,0,0,2,0,653,0,0,0,0,0,0,0,0,0,1,0,0,0,0,0,0,0,0,0,0,0,0,0,0,0,0,0,0,0,0,0,0,0,0,0,0,0,0,0,0,0,0,0,0,0,0,0,0,0,0,0,0,0,0,0,0,0,0,0,0,0,0,0,0,0,0,0,0,0,0,0,0,0,0,0,0,0,0,0,0,0,0,0,0,0,0,0,4,9,3,1,0,50,1,0,0,1,0,0,0,0,0,0,0,0,0,0,0,0,0,0,0,0,0,0,0,0,0,0,0,0,0,0,0,0,0,0,0,0,0,0,0,0,0,0,0,0,0,0,0,0,0,0,0,0,0,0,0,0,0,0,0,0,0,0,0,0,0,0,0,0,0,0,0,0,0,0,0,0,0,0,0,0,0,0,0,0,0,0,0,0,0,0,0,0,0,0,0,0,0,0,0,0,0,0,0,0,0,0,0,0,0,0,0,0,0,0,0,0,0,0,0,0,0,0,0,0,0,0,0,0,0,0,0,0,0,0,0,0,0,0,0,0,0,0
2015-08-04,117,0,280,0,7,47,15,50,4,11,10,13,13,5,20,0,2,11,12,0,0,3,1,1,6,1,61,9,13,3,0,4,0,0,7,0,1,19,0,12,2,1,4,1,0,0,0,5,0,0,0,0,0,0,0,0,0,0,0,0,0,0,0,0,0,0,0,0,0,0,0,0,0,0,0,0,0,0,0,0,0,0,0,0,0,0,0,0,0,0,0,0,0,0,1,0,2,0,539,0,0,0,0,0,0,0,0,0,0,0,0,0,0,0,0,0,0,0,0,0,0,0,0,0,0,0,0,0,0,0,0,0,0,0,0,0,0,0,0,0,0,0,0,0,0,0,0,0,0,0,0,0,0,0,0,0,0,0,0,0,0,0,0,0,0,0,0,0,0,0,0,0,0,0,0,0,0,0,0,0,0,0,0,0,0,0,2,8,3,3,0,54,0,0,0,0,0,0,0,0,0,0,0,0,0,0,0,0,0,0,0,0,0,0,0,0,0,0,0,0,0,0,0,0,0,0,0,0,0,0,0,0,0,0,0,0,0,0,0,0,0,0,0,0,0,0,0,0,0,0,0,0,0,0,0,0,0,0,0,0,0,0,0,0,0,0,0,0,0,0,0,0,0,0,0,0,0,0,0,0,0,0,0,0,0,0,0,0,0,0,0,0,0,0,0,0,0,0,0,0,0,0,0,0,0,0,0,0,0,0,0,0,0,0,0,0,0,0,0,0,0,0,0,0,0,0,0,0,0,0,0,0,0,0
2015-08-11,233,0,294,0,13,43,6,53,5,7,10,7,10,6,21,2,5,11,12,1,0,2,2,2,4,1,189,6,13,3,0,13,0,0,6,0,2,12,0,10,4,1,2,3,2,1,1,5,0,0,0,0,0,0,0,0,0,0,0,0,0,0,0,0,0,0,0,0,0,0,0,0,0,0,0,0,0,0,0,0,0,0,0,0,0,0,0,0,0,0,0,0,0,0,1,0,2,0,467,0,0,0,0,0,0,0,0,0,0,0,0,0,0,0,0,0,0,0,0,0,0,0,0,0,0,0,0,0,0,0,0,0,0,0,0,0,0,0,0,0,0,0,0,0,0,0,0,0,0,0,0,0,0,0,0,0,0,0,0,0,0,0,0,0,0,0,0,0,0,0,0,0,0,0,0,0,0,0,0,0,0,0,0,0,0,0,2,6,5,23,0,58,0,2,0,0,0,0,0,0,0,0,0,0,0,0,0,0,0,0,0,0,0,0,0,0,0,0,0,0,0,0,0,0,0,0,0,0,0,0,0,0,0,0,0,0,0,0,0,0,0,0,0,0,0,0,0,0,0,0,0,0,0,0,0,0,0,0,0,0,0,0,0,0,0,0,0,0,0,0,0,0,0,0,0,0,0,0,0,0,0,0,0,0,0,0,0,0,0,0,0,0,0,0,0,0,0,0,0,0,0,0,0,0,0,0,0,0,0,0,0,0,0,0,0,0,0,0,0,0,0,0,0,0,0,0,0,0,0,0,0,0,0,0
2015-08-18,302,0,263,0,10,29,10,48,1,12,7,14,5,5,26,2,4,8,10,1,0,3,1,1,1,3,285,1,253,1,0,16,0,0,5,0,3,9,0,14,4,0,3,4,2,1,6,2,3,0,0,0,1,0,0,0,0,0,0,0,0,0,0,0,0,0,0,0,0,0,0,0,0,0,0,0,0,0,0,0,1,0,0,0,0,0,0,0,0,0,0,0,0,0,1,0,0,0,594,0,0,0,0,0,0,0,0,0,0,0,0,0,0,0,0,0,0,0,0,0,0,0,0,0,0,0,0,0,0,0,0,0,0,0,0,0,0,0,0,0,0,0,0,0,0,0,0,0,0,0,0,0,0,0,0,0,0,0,0,0,0,0,0,0,0,0,0,0,0,0,0,0,0,0,0,0,0,0,0,0,0,0,0,0,0,0,4,6,10,45,0,69,0,3,2,2,0,0,0,0,0,0,0,0,0,0,0,0,0,0,0,0,0,0,0,0,0,0,0,0,0,0,0,0,0,0,0,0,0,0,0,0,0,0,0,0,0,0,0,0,0,0,0,0,0,0,0,0,0,0,0,0,0,0,0,0,0,0,0,0,0,0,0,0,0,0,0,0,0,0,0,0,0,0,0,0,0,0,0,0,0,0,0,0,0,0,0,0,0,0,0,0,0,0,0,0,0,0,0,0,0,0,0,0,0,0,0,0,0,0,0,0,0,0,0,0,0,0,0,0,0,0,0,0,0,0,0,0,0,0,0,0,0,0
2015-08-25,244,0,244,0,4,23,13,44,0,11,7,13,14,7,20,0,0,8,7,0,0,2,0,0,0,2,253,1,251,0,0,7,0,0,1,0,2,13,0,17,7,0,6,2,0,0,5,2,7,0,0,0,1,0,0,0,0,0,0,0,0,0,0,0,0,0,0,0,0,0,0,0,0,0,0,0,0,0,0,0,1,0,0,0,0,0,0,0,0,0,0,0,0,0,1,0,2,0,505,0,0,0,0,0,0,0,0,0,0,0,0,0,0,0,0,0,0,0,0,0,0,0,0,0,0,0,0,0,0,0,0,0,0,1,0,0,0,0,0,0,0,0,0,0,0,0,0,0,0,0,0,0,0,0,0,0,0,0,0,0,0,0,0,0,0,0,0,0,0,0,0,0,0,0,0,0,0,0,0,0,0,0,0,0,0,0,4,5,7,46,0,70,0,1,3,2,1,0,0,0,0,0,0,0,0,0,0,0,0,0,0,0,0,0,0,0,0,0,0,0,0,0,0,0,0,0,0,0,0,0,0,0,0,0,0,0,0,0,0,0,0,0,0,0,0,0,0,0,0,0,0,0,0,0,0,0,0,0,0,0,0,0,0,0,0,0,0,0,0,0,0,0,0,0,0,0,0,0,0,0,0,0,0,0,0,0,0,0,0,0,0,0,0,0,0,0,0,0,0,0,0,0,0,0,0,0,0,0,0,0,0,0,0,0,0,0,0,0,0,0,0,0,0,0,0,0,0,0,0,0,0,0,0,0
2015-09-01,184,0,271,0,5,24,9,65,1,7,8,9,24,5,13,2,0,16,3,0,0,0,0,0,0,0,214,0,3,2,0,1,0,0,7,0,1,9,0,19,6,0,4,1,1,0,0,0,6,0,0,0,0,0,0,0,0,0,0,0,0,0,0,0,0,0,0,0,0,0,0,0,0,0,0,0,0,0,0,0,0,0,0,0,0,0,0,0,0,0,0,0,0,0,0,0,2,0,422,0,0,0,0,0,0,0,0,0,0,0,0,0,0,0,0,0,0,0,1,0,0,0,0,0,0,1,0,1,0,0,0,0,0,1,0,0,0,0,0,0,0,0,0,0,0,0,0,0,0,0,0,0,0,0,0,0,0,0,0,0,0,0,0,0,0,0,0,0,0,0,0,0,0,0,0,0,0,0,0,0,0,0,0,0,0,0,8,8,4,46,0,57,0,0,1,0,1,4,2,0,0,0,0,0,0,0,0,0,0,0,0,0,0,0,0,0,0,0,0,0,0,0,0,0,0,0,0,0,0,0,0,0,0,0,0,0,0,0,0,0,0,0,0,0,0,0,0,0,0,0,0,0,0,0,0,0,0,0,0,0,0,0,0,0,0,0,0,0,0,0,0,0,0,0,0,0,0,0,0,0,0,0,0,0,0,0,0,0,0,0,0,0,0,0,0,0,0,0,0,0,0,0,0,0,0,0,0,0,0,0,0,0,0,0,0,0,0,0,0,0,0,0,0,0,0,0,0,0,0,0,0,0,0,0
2015-09-08,213,0,265,0,7,22,20,66,1,10,8,7,23,5,11,47,0,28,4,0,0,70,4,0,2,0,231,0,31,3,0,3,0,0,13,0,1,2,1,22,0,0,1,1,1,0,0,2,2,1,1,0,3,0,0,0,0,0,0,0,0,0,0,0,0,0,0,0,0,0,0,0,0,0,0,0,0,0,0,0,0,0,0,0,0,0,0,0,0,0,0,0,0,0,0,0,9,0,503,0,0,0,0,0,0,0,0,0,3,0,0,0,0,0,0,0,0,0,1,0,0,0,0,0,0,4,0,1,0,0,0,0,0,0,0,0,0,0,0,0,0,0,0,0,0,0,0,0,0,0,0,0,0,0,0,0,0,0,0,0,0,0,0,0,0,0,0,0,0,0,0,0,0,0,0,0,0,0,0,0,0,0,0,0,0,0,25,37,5,39,3,27,1,2,0,0,0,4,2,8,26,3,0,0,0,0,0,0,0,0,0,0,0,0,0,0,0,0,0,0,0,0,0,0,0,0,0,0,0,0,0,0,0,0,0,0,0,0,0,0,0,0,0,0,0,0,0,0,0,0,0,0,0,0,0,0,0,0,0,0,0,0,0,0,0,0,0,0,0,0,0,0,0,0,0,0,0,0,0,0,0,0,0,0,0,0,0,0,0,0,0,0,0,0,0,0,0,0,0,0,0,0,0,0,0,0,0,0,0,0,0,0,0,0,0,0,0,0,0,0,0,0,0,0,0,0,0,0,0,0,0,0,0,0
2015-09-15,287,0,200,0,28,28,26,37,4,26,5,2,19,14,8,45,0,32,5,0,0,85,6,0,5,0,291,2,47,3,0,3,0,0,6,0,0,0,2,23,0,0,0,3,0,0,0,3,0,1,11,4,8,0,0,0,0,0,0,0,0,0,0,0,0,0,0,0,0,0,0,26,0,0,0,0,0,0,0,0,0,0,0,0,0,0,0,0,0,0,0,0,0,1,1,0,14,0,579,0,0,0,0,0,0,0,0,0,4,0,0,0,0,0,0,0,0,0,0,0,0,0,0,0,0,3,0,0,0,0,26,0,0,0,1,0,0,0,0,0,0,0,0,0,0,0,0,0,0,0,0,0,0,0,0,0,0,0,0,0,0,0,0,1,0,0,0,0,0,0,0,0,0,0,0,0,0,0,0,0,0,0,0,0,0,0,27,46,9,30,4,0,1,2,1,0,0,0,0,16,42,6,25,1,22,0,0,0,0,0,0,0,0,0,0,0,0,0,0,0,0,0,0,0,0,0,0,0,0,0,0,0,0,0,0,0,0,0,0,0,0,0,0,0,0,0,0,0,0,0,0,0,0,0,0,0,0,0,0,0,0,0,0,0,0,0,0,0,0,0,0,0,0,24,1,0,0,0,0,0,0,0,0,0,0,0,0,0,0,0,0,0,0,0,0,0,0,0,0,0,0,0,0,0,0,0,0,0,0,0,0,0,0,0,0,0,0,0,0,0,0,0,0,0,0,0,0,0,0,0,0,0,0,0
2015-09-22,325,0,162,0,28,34,27,36,6,62,7,2,15,31,9,26,0,33,6,0,0,30,7,0,3,0,322,2,298,3,1,0,0,0,4,0,0,1,2,21,1,0,0,4,7,0,0,3,0,0,11,4,7,28,28,0,0,0,0,0,0,0,0,0,0,0,0,0,0,0,0,26,0,0,0,0,0,0,0,0,0,0,0,0,0,12,0,0,0,0,0,0,0,2,1,0,9,0,435,0,15,0,0,0,0,0,0,0,13,0,0,0,0,0,0,0,0,0,0,0,0,0,0,0,0,0,0,0,29,0,26,0,0,0,1,0,0,0,0,0,0,0,0,0,0,0,0,0,0,0,0,0,0,0,0,0,0,0,0,0,0,0,0,1,0,0,0,0,0,0,0,0,0,0,0,0,0,0,0,0,0,0,0,0,0,0,24,47,13,37,2,0,9,0,113,0,0,0,0,8,40,3,25,4,22,1,0,0,0,0,0,0,0,0,0,0,2,0,0,0,0,0,0,0,0,0,0,0,0,0,0,0,0,0,0,0,0,0,0,0,0,0,0,0,0,0,0,0,0,0,0,0,0,0,0,0,0,0,0,0,0,0,0,0,0,0,0,0,0,0,0,0,0,27,1,0,6,20,0,0,0,0,0,0,0,0,0,0,0,0,0,0,0,0,0,0,0,0,0,0,0,0,0,0,0,0,0,0,0,0,0,0,0,0,0,0,0,0,0,0,0,0,0,0,0,0,0,0,0,0,0,0,0,0
2015-09-29,237,0,163,0,3,33,20,39,4,44,13,2,14,37,14,33,0,34,6,0,0,32,8,0,1,0,213,0,303,1,1,0,0,0,11,0,0,1,1,15,1,0,2,3,7,0,0,2,0,0,3,2,8,55,63,0,0,0,0,0,0,0,0,0,0,0,0,0,0,0,0,0,0,0,0,0,0,0,0,0,0,0,0,0,0,12,0,0,0,0,0,0,0,1,0,0,5,0,640,10,30,0,0,0,0,0,0,0,13,0,0,0,0,0,0,0,0,0,0,0,0,0,0,0,0,2,0,0,29,0,0,0,0,0,0,0,0,0,0,0,0,0,0,0,0,0,0,0,0,0,0,0,0,0,0,0,0,0,0,0,0,0,0,1,0,0,0,0,0,0,0,0,0,0,0,0,0,0,0,0,0,0,0,0,0,0,25,45,7,30,1,0,11,2,164,0,0,0,0,0,24,0,0,5,0,1,29,42,28,0,0,0,0,0,0,0,3,0,0,1,1,0,0,0,0,0,0,0,0,0,0,0,0,0,0,0,0,0,0,0,0,0,0,0,0,0,0,0,0,0,0,0,0,0,0,0,0,0,0,0,0,0,0,0,0,0,0,0,0,0,0,0,0,3,0,0,6,20,7,0,0,0,0,0,0,0,0,0,0,0,0,0,0,0,0,0,0,0,0,0,0,0,0,0,0,0,0,0,0,0,0,0,0,0,0,0,0,0,0,0,0,0,0,0,0,0,0,0,0,0,0,0,0,0
2015-10-06,187,0,171,0,16,28,17,28,4,2,10,1,10,28,11,77,1,30,7,0,0,38,7,0,1,1,175,0,26,0,0,0,0,0,19,0,0,0,0,7,0,0,3,46,82,1,2,2,0,0,2,2,6,27,87,23,8,0,0,34,0,0,0,0,0,0,0,0,0,0,0,0,0,0,0,2,0,0,0,0,0,0,0,0,0,0,0,0,0,0,0,0,0,0,0,0,5,0,655,10,15,0,0,0,0,0,0,0,7,0,0,0,0,0,0,0,0,0,0,0,0,0,0,0,0,3,0,0,0,0,0,0,0,0,0,0,0,0,0,0,0,0,0,0,0,0,0,0,22,0,0,0,0,0,0,0,0,0,0,0,0,0,0,1,0,0,0,0,0,0,0,0,0,0,0,0,0,0,0,0,0,0,0,0,0,0,12,50,7,32,0,0,9,2,52,113,0,1,0,0,0,0,0,11,0,0,29,69,28,8,5,0,0,0,0,0,2,0,0,1,1,0,0,0,0,0,0,0,0,0,0,0,0,0,0,0,0,0,0,0,0,0,0,0,0,0,0,0,0,0,0,0,0,0,0,0,0,0,0,0,0,0,0,0,0,0,0,0,0,0,0,0,0,0,0,77,0,0,7,0,0,0,0,0,0,0,0,0,0,0,0,0,0,0,0,0,0,0,0,0,0,0,0,0,0,0,0,0,0,0,0,0,0,0,0,0,0,0,0,0,0,0,0,0,0,0,0,0,0,0,0,0,0,0
2015-10-13,251,0,186,0,17,19,31,46,2,1,4,28,2,13,6,150,1,14,5,0,0,36,4,0,17,13,237,2,6,0,0,0,0,0,16,0,0,2,0,28,0,0,5,70,82,1,2,2,0,0,5,0,0,0,77,23,22,2,14,62,0,0,0,0,0,0,0,0,0,0,0,27,0,0,0,2,0,0,0,0,0,0,0,0,0,0,0,0,0,0,0,0,0,0,0,0,11,0,410,0,0,0,0,0,0,0,0,0,9,0,0,0,0,0,0,0,0,0,0,0,0,0,0,0,0,1,0,0,0,0,0,0,0,0,0,1,0,0,0,0,0,0,0,0,0,0,0,0,22,0,0,0,0,0,0,0,0,0,0,0,0,0,0,0,0,0,0,0,0,0,0,0,0,0,0,0,0,0,0,0,0,0,0,0,0,0,6,59,12,31,3,0,13,0,0,113,0,3,0,0,57,0,0,10,9,0,0,108,0,8,14,15,12,0,0,0,2,0,0,1,0,0,0,0,0,0,0,0,0,0,0,0,0,0,0,0,0,2,0,0,0,0,0,0,0,0,0,0,0,0,0,0,0,0,0,0,0,0,0,0,0,0,0,0,0,0,0,0,0,0,0,0,0,6,0,77,0,0,0,1,1,0,0,0,0,0,0,0,0,0,0,0,0,0,0,0,0,0,0,0,0,0,0,0,0,0,0,0,0,0,0,0,0,0,0,0,0,0,0,0,0,0,0,0,0,0,0,0,0,0,0,0,0,0
2015-10-20,370,0,156,0,7,20,37,39,1,2,1,29,0,9,4,134,0,12,6,0,0,15,2,1,19,12,258,3,274,1,0,0,0,0,6,0,0,2,0,28,0,0,6,30,0,0,0,0,0,0,5,0,0,0,25,0,22,2,14,29,0,0,0,0,0,0,0,0,0,0,0,27,0,0,0,2,0,0,0,0,0,0,0,0,0,0,0,0,0,0,0,0,0,1,0,0,10,0,367,0,0,0,0,0,0,0,0,0,7,0,0,0,0,0,0,0,0,0,0,0,0,0,0,0,0,2,0,0,0,0,0,0,2,0,0,1,0,0,0,0,0,0,0,0,0,0,0,0,0,0,0,0,0,0,0,0,0,0,0,0,0,0,0,0,0,0,0,0,0,0,0,0,0,0,0,0,0,0,0,0,0,0,0,0,0,0,5,58,10,27,9,0,33,0,10,0,0,3,0,0,71,0,0,3,9,0,0,95,0,0,21,15,12,0,0,0,1,3,0,2,4,0,0,0,0,0,0,0,0,0,0,0,0,0,0,0,0,2,0,0,0,0,0,0,0,0,0,0,0,0,0,0,0,0,0,0,0,0,0,0,0,0,0,0,0,0,0,0,0,0,0,0,0,12,0,0,0,0,0,68,1,15,1,0,0,0,0,0,0,0,0,0,0,0,0,0,0,0,0,0,0,0,0,0,0,0,0,0,0,0,0,0,0,0,0,0,0,0,0,0,0,0,0,0,0,0,0,0,0,0,0,0,0,0
2015-10-27,412,0,166,0,16,21,25,13,2,3,7,1,1,27,4,66,0,12,6,0,0,0,17,1,2,1,254,4,294,2,0,0,0,0,3,0,0,2,0,2,0,0,3,21,0,0,0,0,0,0,0,0,0,0,33,0,12,0,5,1,2,5,0,0,0,0,0,0,0,0,0,0,0,0,0,2,0,0,0,0,5,0,0,0,0,0,0,0,0,0,0,0,0,1,0,0,4,0,159,0,0,0,0,0,0,0,0,0,4,0,0,0,0,0,0,0,0,0,0,0,0,0,0,0,0,2,0,0,0,0,0,0,3,0,0,0,0,0,0,0,0,0,0,0,0,0,0,0,0,0,0,0,0,0,0,0,0,0,0,0,0,0,0,0,0,0,0,0,0,0,0,0,0,0,0,0,0,0,0,0,0,0,0,0,0,0,2,60,9,35,7,0,43,0,10,0,0,97,0,0,14,0,0,4,0,0,0,14,0,0,20,0,0,0,0,0,0,6,0,1,5,0,0,0,0,0,0,0,0,0,0,0,0,0,0,0,0,0,0,0,0,0,0,0,0,0,0,0,0,0,0,0,0,0,0,0,0,0,0,0,0,0,0,0,0,0,0,0,0,0,0,0,0,6,0,0,0,0,0,67,0,15,1,2,0,0,0,0,0,0,0,0,0,0,0,0,0,0,0,0,0,0,0,0,0,0,0,0,0,0,0,0,0,0,0,0,0,0,0,0,0,0,0,0,0,0,0,0,0,0,0,0,0,0
2015-11-03,345,0,169,0,11,18,9,16,2,1,8,0,8,19,4,55,0,3,1,0,0,1,15,0,0,1,203,8,32,1,0,0,0,0,3,0,0,4,0,0,0,0,3,17,0,0,0,0,0,0,1,0,6,0,33,0,7,0,12,0,2,18,3,10,4,4,0,1,0,0,0,0,0,0,0,0,0,0,0,0,5,0,0,0,0,0,0,0,0,0,0,0,0,0,0,0,2,0,113,0,0,0,0,0,0,0,0,0,1,0,0,0,0,0,0,0,0,0,0,0,0,0,0,0,0,4,0,0,0,0,0,0,1,0,0,0,1,0,0,0,0,0,0,0,0,0,0,0,0,0,0,0,0,0,0,0,0,0,0,0,0,0,0,0,0,0,0,0,0,0,0,0,0,0,0,0,0,0,0,0,0,0,0,0,0,0,0,38,6,23,1,0,46,0,0,0,1,185,0,0,0,0,0,2,0,0,0,0,0,0,14,0,13,0,0,0,0,3,0,0,5,0,0,0,0,0,0,0,0,0,0,0,0,0,0,0,0,0,0,0,0,0,0,0,0,0,0,0,17,0,0,0,0,0,0,0,0,0,0,0,0,0,0,0,0,0,0,0,0,0,0,7,0,0,0,0,0,0,0,0,0,0,0,2,0,0,0,0,0,0,0,0,0,0,0,0,0,0,0,0,0,0,0,0,0,0,0,0,0,0,0,0,0,0,0,0,0,0,0,0,0,0,0,0,0,0,0,0,0,0,0,0,0,0
2015-11-10,257,0,136,0,5,12,5,19,2,0,1,0,12,0,1,43,0,0,0,0,0,1,1,0,0,0,187,6,13,0,0,0,0,0,4,0,0,2,0,0,0,0,2,1,0,0,0,0,0,0,2,0,6,0,0,0,12,0,20,0,0,60,6,18,8,5,2,1,0,0,0,0,0,0,1,0,0,0,0,0,0,0,0,0,0,0,0,0,0,0,0,0,0,0,0,0,5,0,151,0,0,0,0,0,0,0,0,0,1,0,0,0,0,0,0,0,0,0,0,0,0,0,0,0,0,6,0,0,0,0,0,0,0,0,0,0,1,0,0,0,0,0,0,0,0,0,0,0,0,0,0,0,0,0,0,0,0,0,0,0,0,0,0,0,0,0,0,0,0,0,0,0,0,0,0,0,0,0,0,0,0,0,0,0,0,0,0,22,10,28,2,0,69,0,0,0,2,99,0,0,0,0,0,0,0,0,0,0,0,0,6,0,13,0,0,0,0,0,0,0,9,0,0,0,0,0,0,0,0,0,0,0,0,0,0,0,0,0,0,0,0,0,0,0,0,0,0,0,17,0,0,0,0,0,0,0,0,0,0,0,0,0,0,0,0,0,0,0,0,0,0,7,0,0,0,0,0,0,0,0,0,0,0,0,0,0,0,0,0,0,0,0,0,0,0,0,0,0,0,0,0,0,0,0,0,0,0,0,0,0,0,0,0,0,0,0,0,0,0,0,0,0,0,0,0,0,0,0,0,0,0,0,0,0
2015-11-17,202,0,130,0,5,8,4,12,4,1,0,0,7,0,3,2,0,1,0,0,0,1,3,0,0,0,151,4,17,0,0,0,0,0,3,0,0,0,0,0,0,0,2,2,3,0,0,0,0,1,1,0,0,0,0,0,13,0,38,0,0,60,3,18,5,1,3,8,0,0,0,0,0,0,1,0,0,0,0,0,0,0,0,0,0,0,0,0,0,0,0,0,0,0,0,0,4,0,59,0,0,0,0,0,0,0,0,0,1,0,0,0,0,0,0,0,0,0,0,0,0,0,0,0,0,3,0,0,0,0,0,0,1,0,0,0,0,0,0,0,0,0,0,0,0,0,0,0,0,0,0,0,0,0,0,0,0,0,0,0,0,0,0,0,0,0,0,0,0,0,0,0,0,0,0,0,0,0,0,0,0,0,0,0,0,0,0,16,12,28,2,0,63,0,0,1,1,10,0,0,0,0,0,0,0,0,0,0,0,0,2,0,0,19,0,0,0,0,0,1,5,0,0,0,0,0,0,0,0,0,0,0,0,0,0,0,0,0,0,0,0,0,0,0,0,0,0,0,0,0,0,0,0,0,0,0,0,0,0,0,0,0,0,0,0,0,0,0,0,0,0,0,0,0,0,0,0,0,0,0,0,0,0,0,0,0,0,0,0,0,0,0,0,0,0,0,0,0,0,0,0,0,0,0,0,0,0,0,0,0,0,0,0,0,0,0,0,0,0,0,0,0,0,0,0,0,0,0,0,0,0,0,0,0
2015-11-24,245,0,137,0,2,11,8,13,10,1,0,27,3,0,7,2,0,4,0,0,1,1,2,3,0,1,102,4,28,0,0,0,0,0,5,0,0,1,0,1,0,1,3,2,89,0,0,1,0,1,0,0,0,0,0,0,9,0,25,0,0,13,0,10,1,0,1,8,36,25,0,0,0,0,0,0,0,0,2,0,0,0,0,0,0,0,0,0,0,0,0,0,0,0,0,0,0,0,0,0,0,0,0,1,0,0,0,0,3,0,0,0,0,0,0,0,0,0,0,0,0,0,0,0,0,2,0,0,0,0,0,0,1,0,0,0,0,0,0,0,0,0,0,0,0,0,0,0,0,0,0,0,0,0,0,0,0,0,0,0,0,0,0,0,0,0,0,0,0,0,0,0,0,0,0,0,0,0,0,0,0,0,0,0,0,0,0,15,5,17,0,0,41,0,0,1,0,169,0,0,0,0,0,0,0,0,0,30,0,0,3,0,0,19,0,0,0,0,0,1,1,0,0,0,0,0,0,0,0,0,0,82,0,0,0,0,0,0,0,0,0,0,0,0,0,0,0,0,0,0,0,0,0,0,0,0,0,0,0,0,0,0,0,0,0,0,0,0,0,0,0,0,0,0,0,0,0,0,0,0,0,0,0,0,0,0,0,0,0,0,0,0,0,0,0,0,0,0,0,0,0,0,0,0,0,0,0,0,0,0,0,0,0,0,0,0,0,0,0,0,0,0,0,0,0,0,0,0,0,0,0,0,0,0
2015-12-01,276,0,151,0,3,9,11,18,10,0,1,27,1,0,4,0,0,3,0,0,1,0,0,5,0,4,73,6,29,0,0,0,0,0,6,0,0,4,1,1,0,1,1,1,86,0,0,1,0,2,0,0,0,0,0,0,7,0,0,0,0,0,3,0,0,0,0,0,36,25,0,0,0,0,0,0,0,0,2,0,0,0,0,0,0,0,0,0,0,0,0,0,0,0,0,0,1,0,57,0,0,0,0,1,0,0,0,0,7,0,0,0,0,0,0,0,0,0,0,0,0,0,0,0,0,1,0,0,1,0,0,0,0,0,0,0,0,1,0,0,0,0,0,0,0,0,0,0,0,0,0,0,0,0,0,0,0,0,0,0,0,0,0,0,0,0,0,0,0,0,0,0,0,0,0,0,0,0,0,0,0,0,0,0,0,0,0,16,5,26,0,0,32,0,0,0,2,169,0,0,0,0,0,0,0,0,0,31,0,0,5,0,0,0,0,0,0,0,0,0,1,0,0,0,0,0,0,0,0,0,0,82,0,0,0,0,0,0,0,0,0,0,0,0,0,0,0,0,0,0,0,0,0,0,0,0,0,0,0,0,0,0,0,0,0,0,0,0,0,0,0,0,0,0,0,0,0,0,0,0,0,0,0,0,1,0,0,0,0,0,0,0,0,0,0,0,0,0,0,0,0,0,0,0,0,0,0,0,0,0,0,0,0,0,0,0,0,0,0,0,0,0,0,0,0,0,0,0,0,0,0,0,0,0
2015-12-08,279,0,177,0,3,8,26,23,6,7,3,25,0,0,1,26,0,1,0,0,0,0,0,3,0,5,103,6,37,0,0,0,0,0,5,0,0,4,1,0,1,1,1,0,0,0,0,0,0,2,0,0,0,0,0,0,10,0,0,0,0,0,6,0,0,0,0,0,0,62,29,1,0,0,0,0,2,0,2,0,0,0,0,0,0,0,0,0,0,0,0,0,0,0,0,0,3,0,190,0,0,0,0,0,0,0,0,0,20,0,0,0,0,0,0,0,0,0,0,0,0,0,0,0,0,0,0,0,1,0,0,0,0,0,0,0,0,1,28,0,0,0,0,0,0,0,0,0,0,0,0,0,0,0,0,0,0,0,0,0,0,0,0,0,0,0,0,0,0,0,0,0,0,0,0,0,0,0,0,0,0,0,0,0,0,0,0,22,9,38,2,0,37,1,0,160,2,0,0,0,0,0,0,0,0,0,0,1,0,0,12,0,0,0,16,0,0,0,0,0,4,0,0,0,0,3,0,0,0,0,5,0,0,0,0,0,0,0,0,0,0,0,0,0,0,0,0,0,0,0,0,0,0,0,0,0,0,0,0,0,0,0,0,0,0,0,0,0,0,0,0,0,0,0,0,0,0,0,0,0,0,0,0,0,1,0,0,0,0,0,0,0,0,0,0,0,0,0,0,0,0,0,0,0,0,0,0,0,0,0,0,0,0,0,0,0,0,0,0,0,0,0,0,0,0,0,0,0,0,0,0,0,0,0
2015-12-15,245,0,149,0,2,13,24,17,14,11,2,25,2,0,2,26,0,4,0,0,0,0,1,2,0,2,91,1,59,0,0,0,0,0,4,0,0,3,0,0,1,1,2,0,0,0,0,0,0,0,0,0,0,0,0,0,20,0,0,0,0,0,6,0,0,0,0,0,0,62,29,1,0,0,0,1,2,0,2,0,0,0,0,0,3,0,0,0,0,0,0,0,0,0,0,0,4,0,133,0,0,0,0,0,0,0,0,0,17,0,0,0,0,0,0,0,0,0,0,0,0,0,0,0,0,0,0,0,0,0,0,0,0,0,0,0,0,0,28,0,1,0,0,0,0,0,0,0,0,0,0,0,0,0,0,0,0,0,0,0,0,0,0,0,0,0,0,0,0,0,0,0,0,0,0,0,0,0,0,0,0,0,0,0,0,0,0,17,6,31,4,0,36,1,0,160,3,24,0,0,0,0,0,0,0,0,0,0,52,0,8,0,4,0,16,17,1,0,0,0,4,0,0,0,0,3,0,0,0,0,5,0,0,0,0,0,0,0,0,0,0,0,0,0,0,0,0,0,0,0,1,0,0,0,1,0,0,0,0,0,0,0,0,0,0,0,0,0,0,0,0,0,0,0,0,0,0,0,0,0,0,0,0,0,0,0,0,0,0,0,0,0,0,0,0,0,0,0,0,0,0,0,0,0,0,0,0,0,0,0,0,0,0,0,0,0,0,0,0,0,0,0,0,0,0,0,0,0,0,0,0,0,0,0
2015-12-22,217,0,130,0,1,17,12,5,13,4,2,0,5,0,1,0,0,5,1,0,0,0,1,3,1,0,69,3,45,0,0,0,0,0,6,0,0,5,0,0,0,0,1,0,0,0,0,0,0,1,0,0,0,0,0,0,47,0,0,0,0,0,3,0,0,0,0,0,0,0,0,0,1,0,0,1,0,0,0,0,0,0,0,0,3,0,0,0,0,2,0,0,0,0,0,0,3,0,0,0,0,0,0,0,0,0,0,0,2,0,0,0,0,0,0,0,0,0,0,0,0,0,0,0,0,0,0,0,0,0,0,0,0,0,0,0,0,0,0,1,1,0,0,0,0,0,0,0,0,0,0,0,0,0,0,0,0,0,0,0,0,0,0,0,0,0,0,0,0,0,0,0,0,0,0,0,0,0,0,0,0,0,0,0,0,0,0,12,2,23,3,0,35,0,0,0,5,24,0,0,0,0,0,0,0,0,0,0,52,0,2,0,4,0,0,17,2,0,0,0,2,0,0,0,0,0,0,0,0,0,0,0,0,0,0,0,0,0,0,0,0,0,0,0,0,0,0,0,0,0,1,0,0,0,1,0,0,0,0,0,0,0,0,0,0,0,0,0,0,0,0,0,0,0,0,0,0,0,0,0,0,0,0,0,0,1,0,0,0,0,0,0,0,0,0,0,0,0,0,0,0,0,0,0,0,0,0,0,0,0,0,0,0,0,0,0,0,0,0,0,0,0,0,0,0,0,0,0,0,0,0,0,0,0
2015-12-29,198,0,201,0,4,24,35,27,5,3,2,0,6,0,3,30,0,2,2,0,0,1,0,2,1,0,193,3,27,0,0,0,2,0,14,0,0,12,2,0,0,0,4,0,2,0,0,0,0,2,0,0,0,0,0,0,37,0,0,0,0,0,3,0,0,0,0,0,0,0,0,0,1,0,0,0,1,0,5,0,0,0,0,0,0,0,0,0,0,2,0,0,0,0,0,0,14,0,23,0,0,0,0,0,0,0,0,0,3,0,0,0,0,0,0,0,0,0,0,0,0,0,0,0,0,7,0,0,0,0,0,0,0,0,0,0,0,0,0,1,0,0,0,0,0,0,0,0,0,0,0,0,0,0,0,0,0,0,0,0,0,0,0,0,0,0,0,0,0,0,0,0,0,0,0,0,0,0,0,0,0,0,0,0,0,0,3,18,9,48,3,0,60,0,0,0,2,0,0,0,19,0,0,0,0,0,0,0,0,0,15,0,0,0,0,0,4,0,0,0,6,0,0,0,0,1,0,0,0,0,0,0,0,0,0,0,0,0,0,0,0,0,0,0,0,0,0,0,0,0,0,0,0,0,1,0,0,0,0,0,0,0,0,0,0,0,0,0,0,0,0,0,0,0,0,0,0,0,0,0,0,0,0,0,2,1,0,0,0,0,0,0,0,0,0,0,0,0,0,0,0,0,0,0,0,0,0,0,0,0,0,0,0,0,0,0,0,0,0,0,0,0,0,0,0,0,0,0,0,0,0,0,0,0
2016-01-05,224,0,222,0,5,16,29,40,3,10,1,0,6,0,8,81,0,0,1,2,0,1,1,0,0,0,279,1,24,0,0,0,2,0,10,25,0,10,2,0,0,18,4,25,2,0,0,0,1,1,0,0,0,0,0,0,12,0,0,0,0,0,6,0,0,0,0,0,0,0,0,0,0,54,1,0,1,0,6,0,0,0,0,0,3,0,0,0,0,0,0,0,0,0,0,0,22,0,66,0,0,0,0,0,0,0,0,0,4,0,0,0,0,0,0,0,0,0,0,0,0,0,0,0,0,9,0,0,0,1,0,0,0,0,0,0,0,0,0,0,0,0,3,0,0,0,0,0,0,0,0,0,0,0,0,0,0,0,0,0,0,0,0,0,0,0,0,0,0,0,0,0,0,0,0,0,0,0,0,0,0,0,0,0,0,0,3,18,13,46,3,0,60,0,0,0,1,0,0,1,64,0,0,0,0,0,0,0,0,0,17,0,0,0,0,0,3,0,1,0,9,0,0,0,0,1,0,0,0,0,0,0,0,0,0,0,0,0,0,0,0,0,0,0,0,0,0,0,0,0,0,0,0,0,1,0,0,0,0,0,0,0,0,0,0,0,0,0,0,0,0,0,0,0,0,0,0,0,0,0,0,0,0,0,2,0,0,0,0,0,0,0,0,0,0,0,0,0,0,0,0,0,0,0,0,0,0,0,0,0,0,0,0,0,0,0,0,0,0,0,0,0,0,0,0,0,0,0,0,0,0,0,0,0
2016-01-12,229,0,175,0,3,7,8,25,2,8,1,0,6,0,11,52,0,0,1,2,0,1,2,0,0,3,215,1,11,0,0,0,0,0,4,25,0,3,1,0,0,18,2,25,0,1,1,0,1,0,0,0,0,0,0,0,25,0,0,0,0,0,3,0,0,0,0,0,0,0,2,0,0,54,1,3,0,0,2,0,0,0,0,0,4,0,0,0,0,0,0,0,0,0,0,0,13,0,43,0,0,0,0,0,0,0,0,0,2,0,0,0,0,0,0,0,0,0,0,0,0,0,0,0,0,2,0,0,0,1,0,0,0,0,0,0,0,0,0,1,0,0,3,0,0,0,0,0,0,0,0,0,0,0,0,0,0,0,0,0,0,0,0,0,0,0,0,0,0,0,0,0,0,0,0,0,0,0,0,0,0,0,0,0,0,0,0,19,8,15,2,0,28,0,0,0,3,0,0,1,45,0,0,0,0,0,0,0,0,0,10,0,0,0,0,0,0,0,1,0,5,0,0,0,0,0,0,0,0,0,0,0,0,0,0,0,0,0,0,0,0,0,0,0,0,0,0,0,0,0,0,0,0,0,0,0,0,0,0,0,0,0,0,0,0,0,0,0,0,0,0,0,0,0,0,0,0,0,0,0,0,0,0,0,0,0,0,0,0,0,0,0,0,0,0,0,0,0,0,0,0,0,0,0,0,0,0,0,0,0,0,0,0,0,0,0,0,0,0,0,0,0,0,0,0,0,0,0,0,0,0,0,0,0
2016-01-19,197,0,141,0,8,7,9,16,3,1,0,0,4,0,7,1,0,0,1,0,2,1,1,0,1,3,214,2,15,0,0,0,0,0,3,0,0,3,1,1,0,0,2,0,0,1,1,0,0,0,1,0,0,0,0,0,29,0,0,0,0,0,3,0,0,0,0,0,0,0,2,0,0,0,0,6,1,0,1,0,0,0,0,0,2,0,0,0,0,0,0,0,0,0,0,0,6,0,0,0,0,0,0,0,0,0,0,0,6,0,0,0,0,0,0,0,0,0,0,0,0,0,0,0,0,0,0,0,0,0,0,0,0,0,0,0,0,0,0,1,0,0,0,0,0,0,0,0,0,0,0,0,0,0,0,0,0,0,0,0,0,0,0,0,0,1,0,0,0,0,0,0,0,0,0,0,0,0,0,0,0,0,0,0,0,0,0,21,7,23,1,0,19,0,17,94,3,0,0,0,0,0,0,0,0,0,0,0,0,0,13,0,0,0,0,0,0,0,0,0,0,0,0,0,0,1,0,0,0,0,0,0,0,0,0,0,0,0,0,0,0,0,0,0,0,0,0,0,0,0,0,0,0,0,0,0,0,0,0,0,0,0,0,0,0,0,0,0,0,0,0,0,0,0,0,0,0,0,0,0,0,0,0,0,0,0,0,0,0,0,0,0,0,0,0,0,0,0,0,0,0,0,0,0,0,0,0,0,0,0,0,0,0,0,0,0,0,0,0,0,0,0,0,0,0,0,0,0,0,0,0,0,0,0
2016-01-26,233,0,122,0,7,8,11,16,4,2,0,0,1,0,2,0,0,0,0,0,2,0,1,3,2,0,235,3,13,0,0,0,0,0,1,0,0,1,0,1,0,0,0,0,68,0,0,0,0,1,1,0,0,0,0,0,31,0,0,0,0,0,8,0,0,0,0,0,0,38,0,0,0,0,0,6,1,0,0,0,0,0,0,0,7,0,0,0,0,0,0,0,0,0,0,0,3,0,1,0,0,0,0,0,0,0,0,0,7,0,0,0,0,0,0,0,0,0,0,0,0,0,0,0,0,0,0,0,0,0,0,0,0,0,0,0,0,0,0,0,0,0,0,0,0,0,0,0,0,0,0,0,0,0,0,0,0,0,0,0,0,0,0,0,0,1,0,0,0,0,0,0,0,0,0,0,0,0,0,0,0,0,0,0,0,0,0,20,4,29,2,0,22,0,17,97,4,0,0,0,0,0,0,0,0,0,0,0,0,0,9,0,0,0,0,0,0,0,1,0,2,0,0,0,0,2,0,0,0,0,0,0,0,0,0,0,0,0,0,0,0,0,0,0,0,0,0,0,0,0,0,0,0,0,0,0,0,0,0,0,0,0,0,0,0,0,0,0,0,0,0,0,0,0,0,0,0,0,0,0,0,0,0,0,1,0,0,0,0,0,0,0,0,0,0,0,0,0,0,0,0,0,0,0,0,0,0,0,0,0,0,0,0,0,0,0,0,0,0,0,0,0,0,0,0,0,0,0,0,0,0,0,0,0
2016-02-02,259,0,113,0,2,13,10,22,7,5,0,0,1,0,2,1,0,0,0,0,1,1,2,4,2,1,217,1,5,0,0,0,0,0,4,0,0,3,0,0,0,0,0,0,133,0,0,0,0,1,0,0,0,0,0,0,20,1,0,0,0,0,5,0,0,0,0,0,0,38,1,0,0,0,0,10,0,0,1,0,0,0,0,0,7,0,0,0,0,0,0,0,1,0,0,0,4,0,13,0,0,0,0,0,0,0,0,0,13,0,0,0,0,0,0,0,0,0,0,0,0,0,0,0,0,1,0,0,0,0,0,0,0,0,0,0,0,0,0,0,0,1,0,0,0,0,0,0,0,0,0,0,0,0,0,0,0,0,0,0,0,0,0,0,0,0,0,0,0,0,0,0,0,0,0,0,0,0,0,0,0,0,0,0,0,0,0,22,6,22,2,0,25,0,0,3,3,0,0,0,0,0,0,0,0,0,0,0,0,0,2,0,0,0,0,0,1,41,1,0,2,0,0,0,0,2,0,0,0,0,0,0,0,0,0,0,0,0,0,0,0,0,0,0,0,0,0,0,0,0,0,0,0,0,1,0,0,0,0,0,0,0,0,0,0,0,0,0,0,0,0,0,0,0,0,0,0,0,0,0,0,0,0,0,1,0,0,0,0,0,0,0,0,0,0,0,0,0,0,0,0,0,0,0,0,0,0,0,0,0,0,0,0,0,0,0,0,0,0,0,0,0,0,0,0,0,0,0,0,0,0,0,0,0
2016-02-09,333,0,152,0,5,15,15,28,12,5,1,0,5,0,11,1,0,0,0,0,1,2,4,3,1,2,318,8,16,0,0,0,0,0,5,0,42,4,0,0,0,0,1,0,65,0,0,0,0,1,0,0,0,0,0,0,8,1,0,0,0,0,3,0,0,0,0,0,0,0,1,0,0,0,28,7,0,0,3,0,0,0,0,0,1,0,0,0,0,0,0,0,1,0,0,0,11,0,52,0,0,0,0,0,0,0,0,0,14,0,0,0,0,0,0,0,0,0,0,0,0,0,0,0,0,2,0,0,0,0,0,0,0,0,0,0,0,0,0,0,0,1,0,3,0,0,0,0,0,0,0,0,0,0,0,0,0,0,0,0,0,0,0,0,0,0,0,0,0,0,0,0,0,0,0,0,0,0,0,0,0,0,0,0,0,0,0,36,12,36,1,0,40,0,0,0,1,0,0,0,0,0,0,0,0,0,0,0,0,0,3,0,0,0,0,0,2,41,0,0,2,0,0,0,0,3,0,0,0,0,0,0,0,0,0,0,0,0,0,0,0,0,0,0,0,0,0,0,0,0,0,0,0,0,2,0,0,0,0,0,0,0,0,0,0,0,0,0,0,0,0,0,0,0,0,0,0,0,0,0,0,0,0,0,0,0,0,0,0,0,0,0,0,0,0,0,0,0,0,0,0,0,0,0,0,0,0,0,0,0,0,0,0,0,0,0,0,0,0,0,0,0,0,0,0,0,0,0,0,0,0,0,0,0
2016-02-16,378,0,191,0,29,21,24,46,13,3,1,59,7,0,12,0,0,0,0,0,0,2,3,2,2,3,476,20,35,0,0,0,0,0,6,0,42,5,1,0,0,0,1,0,0,0,0,0,0,2,0,0,0,0,0,0,10,0,0,0,0,0,6,0,0,0,0,0,0,25,0,0,0,0,28,2,1,0,4,0,0,0,0,0,1,0,0,0,0,0,0,0,0,0,0,0,14,0,40,0,0,0,0,0,0,0,0,0,5,0,0,0,0,0,0,0,0,0,0,0,0,0,0,0,0,1,0,0,0,1,0,0,0,0,0,0,0,0,0,0,0,0,0,3,0,0,0,0,0,0,0,0,0,0,0,0,0,0,0,0,0,0,0,0,0,0,0,0,0,0,0,0,0,0,0,0,0,0,0,0,0,0,0,0,0,0,0,54,15,68,4,0,63,0,0,0,1,1,0,0,0,0,0,0,0,0,0,0,0,0,8,0,0,0,0,0,1,0,2,1,2,0,0,0,0,5,0,0,1,0,0,0,0,0,0,0,0,0,0,0,0,0,0,0,0,0,0,0,0,0,0,0,0,0,1,0,0,0,0,0,0,0,0,0,0,0,0,0,0,0,0,0,0,0,0,0,0,0,0,0,0,0,0,0,0,0,1,0,0,0,0,0,0,0,0,0,0,0,0,0,0,0,0,0,0,0,0,0,0,0,0,0,0,0,0,0,0,0,0,0,0,0,0,0,0,0,0,0,0,0,0,0,0,0
2016-02-23,456,0,180,0,28,24,21,45,16,2,0,60,4,0,4,0,0,0,0,0,0,1,4,0,7,3,451,13,26,0,0,0,0,0,8,0,0,16,1,0,0,0,1,0,0,0,0,0,0,2,0,0,0,0,0,0,12,0,0,0,0,0,3,0,0,0,0,0,0,25,0,0,0,0,0,2,2,0,2,0,0,0,0,0,1,0,0,0,0,0,0,0,0,0,0,0,12,0,0,0,0,0,0,0,0,0,0,0,5,0,0,0,0,0,0,0,0,0,0,0,0,0,0,0,0,1,0,0,0,1,0,0,1,0,0,0,0,0,0,4,0,0,1,1,0,0,0,0,0,0,0,0,0,0,0,0,0,0,0,0,0,0,0,0,0,0,0,0,0,0,0,0,0,0,0,0,0,0,0,0,0,0,0,0,0,0,0,52,16,66,6,0,73,0,0,40,0,151,0,0,0,0,0,0,0,0,0,0,55,0,7,0,0,0,0,0,0,0,2,7,0,0,0,0,0,6,0,0,1,0,0,0,0,0,0,0,0,0,0,0,0,0,0,0,0,0,0,0,0,0,0,0,0,0,1,0,0,0,0,0,0,0,0,0,0,0,0,0,0,0,0,4,0,0,0,0,0,0,0,0,0,0,0,0,0,0,1,0,0,0,0,0,0,0,0,0,0,0,0,0,0,0,0,0,0,0,0,0,0,0,0,0,0,0,0,0,0,0,0,0,0,0,0,0,0,0,0,0,0,0,0,0,0,0
2016-03-01,447,0,208,0,9,24,19,22,18,6,0,249,4,0,15,0,0,0,0,0,0,0,6,2,10,1,390,5,13,0,0,0,0,0,14,0,0,26,0,0,0,0,1,3,0,0,0,0,0,1,0,0,0,0,0,0,14,0,0,0,0,0,3,0,0,0,0,0,0,30,0,29,0,0,0,1,2,0,0,0,0,0,0,0,0,0,0,0,0,0,0,0,0,0,0,0,11,0,27,0,0,0,0,0,0,0,0,0,3,0,0,0,0,0,0,0,0,0,0,0,0,0,0,0,0,2,0,0,0,0,0,0,2,0,0,0,0,0,0,5,0,0,9,2,0,0,0,0,0,0,0,0,0,0,0,0,0,0,0,0,0,0,0,0,0,0,0,0,0,0,0,0,0,0,0,0,0,0,0,0,0,0,0,0,0,0,0,44,12,40,5,0,52,0,1,108,0,150,0,0,0,0,0,0,0,0,0,0,55,0,5,0,0,0,0,0,0,0,0,7,5,1,0,0,0,7,0,0,0,0,0,0,0,0,0,0,0,0,0,0,0,0,0,0,0,0,0,0,0,0,0,0,0,0,2,0,0,0,0,0,0,0,0,0,0,0,0,0,0,0,0,4,0,0,0,0,0,0,0,0,0,0,0,0,0,0,0,1,0,0,0,0,0,0,0,0,0,0,0,0,0,0,0,0,0,0,0,0,0,0,0,0,0,0,0,0,0,0,0,0,0,0,0,0,0,0,0,0,0,0,0,0,0,0
2016-03-08,353,0,207,0,8,24,33,24,15,5,2,249,3,0,24,0,0,0,0,0,0,18,4,2,6,1,506,6,27,1,0,0,0,0,16,0,0,22,0,0,0,0,1,3,0,0,0,0,0,0,2,0,0,0,0,0,9,0,0,0,0,0,6,0,0,0,0,0,0,61,2,29,0,0,0,9,1,20,4,0,0,0,0,0,6,0,0,0,0,0,0,0,0,0,0,0,12,0,30,0,0,0,0,1,0,0,0,0,3,25,0,0,0,0,0,0,0,0,0,0,0,0,0,0,0,3,0,0,0,0,0,0,1,0,0,1,0,1,0,6,0,0,9,1,0,1,0,0,0,0,0,0,0,0,0,0,0,0,0,0,0,0,0,0,0,1,0,0,0,0,0,0,0,0,0,0,0,0,0,0,0,0,0,0,0,2,0,42,16,27,5,0,54,2,3,68,0,0,0,0,3,0,0,0,0,0,0,12,0,0,6,0,0,0,0,0,1,0,2,2,7,4,1,0,0,11,0,0,1,0,0,0,0,0,0,0,0,0,0,0,0,0,0,0,0,0,0,0,0,0,0,0,0,0,1,0,0,0,0,0,0,0,0,0,0,0,0,0,0,0,0,0,0,0,0,0,0,0,0,0,0,0,0,0,0,0,0,1,0,0,0,0,0,0,0,0,0,0,0,0,0,0,0,0,0,0,0,0,0,0,0,0,0,0,0,0,0,0,0,0,0,0,0,0,0,0,0,0,0,0,0,0,0,0
2016-03-15,354,0,175,0,6,20,47,32,60,3,3,1,4,0,15,2,0,0,0,0,2,20,6,0,4,4,576,10,23,1,0,0,0,0,16,0,0,12,0,0,0,0,2,0,0,0,0,0,0,0,3,0,1,0,0,0,4,0,0,0,0,0,6,0,0,0,0,0,0,31,3,0,0,0,0,9,0,20,4,37,0,0,0,0,6,0,0,0,0,0,0,0,0,0,0,0,17,0,3,0,0,0,0,1,0,0,0,0,4,25,0,0,0,0,0,0,0,0,0,0,0,0,0,0,0,9,0,0,0,1,0,0,2,0,0,1,0,1,0,5,0,0,3,0,0,1,0,0,0,0,0,0,0,0,0,0,0,0,0,0,0,0,0,0,0,1,0,0,0,0,0,0,0,0,0,0,0,0,0,0,0,0,0,0,0,2,0,57,20,36,5,0,64,2,2,0,0,0,0,0,3,0,0,0,0,0,0,12,0,0,3,0,0,0,0,0,1,0,2,1,5,3,1,14,1,14,0,0,1,0,0,0,0,0,0,0,0,0,0,0,0,0,0,0,0,0,0,0,0,0,0,0,0,0,0,0,0,0,0,0,0,0,0,0,0,0,0,0,0,0,0,0,0,0,0,0,0,0,0,0,0,0,0,0,0,0,0,0,0,0,0,0,0,0,0,0,0,0,0,0,0,0,0,0,0,0,0,0,0,0,0,0,0,0,0,0,0,0,0,0,0,0,0,0,0,0,0,0,0,0,0,0,0,0
2016-03-22,299,0,257,0,9,26,45,42,64,4,1,0,4,0,14,17,0,0,0,0,2,4,6,0,8,5,600,17,41,0,0,0,0,0,21,0,0,18,0,0,0,0,3,3,63,0,0,0,0,0,4,0,5,0,0,0,10,5,0,0,0,0,6,0,0,0,0,0,0,0,2,0,0,0,0,2,0,0,4,37,14,2,1,0,0,0,0,0,0,1,0,0,1,0,0,0,13,0,115,0,0,0,0,2,0,0,0,0,4,25,0,0,0,0,0,0,0,0,0,0,0,0,0,0,0,18,0,0,0,1,0,0,3,0,0,0,0,0,0,1,0,0,2,0,0,0,0,0,0,0,0,0,0,0,0,0,0,0,0,0,0,0,0,1,0,0,0,0,0,0,0,0,0,0,0,0,0,0,0,0,0,0,0,0,0,0,0,62,24,56,13,0,43,0,1,0,0,0,0,0,0,0,50,0,0,0,0,0,0,0,7,0,0,0,0,0,2,0,8,0,6,0,0,14,1,19,12,0,0,0,0,0,0,0,0,0,0,0,0,0,0,0,0,0,0,0,0,0,0,0,0,0,0,27,1,0,0,0,0,0,0,0,0,0,0,0,0,0,0,0,0,0,0,0,0,0,0,0,0,0,0,0,0,0,0,0,0,0,1,0,0,0,0,0,0,0,0,0,0,0,0,0,0,0,0,0,0,0,0,0,0,0,0,0,0,0,0,0,0,0,0,0,0,0,0,0,0,0,0,0,0,0,0,0
2016-03-29,242,0,332,0,5,34,44,62,13,2,0,0,0,0,25,37,0,0,0,1,4,4,2,0,5,2,664,9,42,0,0,0,0,0,11,0,0,18,0,1,1,0,3,27,63,0,0,0,0,0,4,0,4,0,0,0,24,5,0,0,0,0,3,0,0,0,0,0,0,0,1,40,0,0,0,1,1,0,4,0,14,2,32,0,1,0,0,0,0,4,0,0,1,1,0,0,12,0,137,0,0,0,0,2,0,0,0,0,6,45,0,0,0,0,0,0,0,0,0,0,0,0,0,0,0,25,0,0,0,0,0,1,1,0,0,0,0,0,0,1,0,0,0,0,0,0,0,0,0,0,0,0,0,0,0,0,0,0,0,0,0,0,0,1,0,0,0,0,0,0,0,0,0,0,0,0,0,0,0,0,0,0,0,0,0,0,0,45,24,68,16,2,44,2,4,0,0,0,0,4,0,0,50,0,0,0,0,48,0,0,17,0,0,0,0,0,5,0,13,0,6,0,0,0,0,24,12,11,0,0,0,0,0,2,0,0,0,0,0,0,0,0,0,0,0,0,0,0,0,0,0,0,0,27,1,0,0,0,0,0,0,0,0,0,0,0,0,0,0,0,0,0,0,0,0,0,0,0,0,0,0,0,0,0,0,0,0,0,1,0,0,0,0,0,0,0,0,0,0,0,0,0,0,0,0,0,0,0,0,0,0,0,0,0,0,0,0,0,0,0,0,0,0,0,0,0,0,0,0,0,0,0,0,0
2016-04-05,320,0,251,0,0,28,37,61,3,1,0,0,2,0,19,44,0,0,0,1,4,2,0,0,3,1,675,5,6,0,0,0,0,0,2,0,0,5,1,1,1,0,1,28,0,0,0,0,0,0,3,0,0,0,0,0,21,0,0,10,0,0,3,0,0,0,0,0,0,0,0,40,0,0,0,0,1,0,0,0,0,0,31,50,1,0,0,0,0,3,0,0,0,2,0,0,20,0,121,0,0,0,0,0,0,0,0,0,7,21,0,0,0,0,0,0,0,0,0,0,0,0,0,0,0,16,0,0,0,1,0,1,3,0,0,0,0,0,0,3,0,0,0,0,2,0,0,1,0,0,0,0,0,0,0,0,0,0,0,0,0,0,0,0,0,0,0,0,0,0,0,0,0,0,0,0,0,0,0,0,0,0,0,0,0,0,0,50,13,67,5,2,47,2,3,0,0,0,0,4,0,0,0,0,0,0,0,48,0,0,16,0,0,0,0,0,3,0,6,21,7,0,0,0,0,15,0,11,0,0,0,0,0,2,0,0,0,0,0,0,0,0,0,0,0,0,0,0,0,0,0,0,0,0,0,0,0,0,0,0,0,0,0,0,0,0,0,0,0,0,0,0,0,0,0,0,0,0,0,0,0,0,0,0,0,0,0,0,0,1,0,0,0,0,0,0,0,0,0,0,0,0,0,0,0,0,0,0,0,0,0,0,0,0,0,0,0,0,0,0,0,0,0,0,0,0,0,0,0,0,0,0,0,0
2016-04-12,337,0,166,0,2,23,35,48,4,0,0,0,5,0,8,58,0,7,0,0,0,17,0,0,7,12,713,12,6,0,0,0,0,0,13,0,51,1,3,0,0,0,1,11,0,0,0,0,0,0,5,0,0,0,0,0,20,0,0,78,0,0,6,0,0,0,0,0,0,0,1,0,0,0,0,1,0,0,1,0,0,1,0,50,10,25,0,0,0,0,0,0,0,2,1,0,23,0,168,0,0,0,0,0,0,0,0,0,4,1,0,0,0,0,0,0,0,0,0,0,0,0,0,0,0,2,0,0,0,1,0,0,5,0,0,0,6,0,0,4,0,0,0,0,2,0,0,1,0,0,0,0,0,0,0,0,0,0,0,0,0,0,0,0,0,0,0,0,0,0,0,0,0,0,0,0,0,0,0,0,0,0,0,0,0,0,0,66,9,49,1,0,26,0,4,0,0,0,0,0,34,0,0,0,0,0,0,65,0,0,9,0,0,0,0,74,2,0,1,26,9,0,0,0,0,4,0,0,8,0,0,0,0,1,0,0,0,1,0,0,0,0,0,0,0,0,0,0,0,0,0,0,0,0,2,0,0,0,0,0,0,0,0,0,0,0,0,0,0,0,0,0,0,0,0,0,0,0,0,0,0,0,0,0,0,0,0,0,0,1,2,0,0,0,0,0,0,0,0,0,0,0,0,0,0,0,0,0,0,0,0,0,0,0,0,0,0,0,0,0,0,0,0,0,0,0,0,0,0,0,0,0,0,0
2016-04-19,267,0,150,0,3,31,39,48,19,0,0,0,4,0,8,36,0,14,6,0,1,17,0,1,5,12,780,9,17,0,0,0,0,0,15,0,51,3,2,0,0,0,2,9,25,0,0,1,0,0,4,0,1,0,0,0,34,0,0,105,0,0,3,0,0,0,0,0,0,0,1,0,0,0,0,1,0,0,2,0,0,1,0,85,10,25,0,0,0,1,0,0,0,1,1,0,17,0,156,0,0,0,0,0,0,0,0,0,4,1,0,0,0,0,0,0,0,0,0,0,0,0,0,0,0,0,0,0,0,0,0,0,3,0,0,0,6,0,0,1,0,0,2,0,0,0,0,0,0,0,0,0,0,0,0,0,0,0,0,0,0,0,0,0,0,0,0,0,0,0,0,0,0,0,0,0,0,0,0,0,0,0,0,0,0,0,0,74,10,59,1,0,16,0,5,0,0,0,0,0,57,0,0,0,0,0,0,93,0,0,5,0,0,0,0,74,3,0,0,6,8,0,2,0,0,4,0,0,10,1,30,50,0,1,0,0,0,2,0,0,0,0,0,0,0,0,0,0,0,0,0,0,0,0,2,0,0,0,0,0,0,0,0,0,0,0,0,0,0,0,0,0,0,0,0,0,0,0,0,0,0,0,0,0,0,0,0,0,0,0,2,0,0,0,0,0,0,0,0,0,0,0,0,0,0,0,0,0,0,0,0,0,0,0,0,0,0,0,0,0,0,0,0,0,0,0,0,0,0,0,0,0,0,0
2016-04-26,311,0,188,0,2,29,27,64,17,2,0,0,5,0,9,0,0,14,6,0,1,0,25,1,7,3,740,6,15,0,0,0,0,0,7,0,0,3,1,0,0,2,1,57,25,0,0,19,0,0,6,0,1,21,0,0,22,0,0,37,3,0,3,0,0,0,0,0,0,0,0,25,0,0,0,0,0,0,1,0,0,0,0,85,0,0,0,0,0,3,0,0,0,0,0,0,12,0,129,0,0,0,0,0,0,0,0,0,6,1,0,0,0,0,0,0,0,0,0,0,0,0,0,0,0,0,0,0,0,0,0,0,3,0,0,0,0,0,0,0,0,0,2,0,0,0,0,0,1,0,0,0,0,0,0,0,0,0,0,0,0,0,0,0,0,0,0,0,0,0,0,0,0,0,0,0,0,0,0,0,0,0,0,0,0,0,0,95,10,55,3,0,22,0,2,0,0,37,0,0,68,16,0,0,51,0,0,28,0,0,12,0,0,0,0,0,1,0,1,1,7,0,2,0,0,6,0,0,2,1,30,50,54,2,12,0,0,1,0,0,0,0,0,0,0,0,0,0,0,0,0,0,0,0,0,0,0,18,0,0,0,0,0,0,0,0,0,0,0,0,0,0,0,0,0,0,0,0,0,0,0,0,0,0,0,0,0,0,0,0,0,0,0,0,0,0,0,0,0,0,0,0,0,0,0,0,0,0,0,0,0,0,0,0,0,0,0,0,0,0,0,0,0,0,0,0,0,0,0,0,0,0,0,0
2016-05-03,280,0,279,0,13,18,33,68,1,5,1,0,5,5,17,98,0,22,7,0,0,0,25,0,32,2,687,8,15,0,0,0,0,0,5,0,0,0,1,0,0,3,1,59,14,0,0,47,0,0,5,0,1,21,0,0,12,0,0,0,9,0,3,0,0,0,0,0,0,0,0,25,0,0,0,4,0,0,0,0,0,0,0,92,0,0,30,24,0,3,0,0,2,1,0,0,24,0,118,0,0,0,0,2,0,0,0,0,3,0,0,0,0,0,0,0,0,0,0,0,0,0,0,0,0,6,0,0,0,0,0,1,3,0,0,0,0,0,0,1,0,0,0,0,0,0,0,0,1,0,0,0,0,0,0,0,0,0,0,0,0,0,0,0,0,0,0,0,0,0,0,0,0,0,0,0,0,0,0,0,0,0,0,0,0,0,0,98,7,54,4,0,25,0,1,77,0,37,0,0,50,16,0,0,51,0,2,0,0,0,11,0,0,0,0,0,0,0,1,0,13,0,0,0,0,8,0,0,0,0,0,0,54,5,12,0,0,0,0,0,0,0,0,0,0,0,0,0,0,0,0,0,0,0,2,0,0,18,0,0,0,0,0,0,0,0,0,0,0,0,0,0,0,0,0,0,0,0,0,0,0,0,0,0,0,0,0,0,0,0,0,0,0,0,0,0,0,0,0,0,0,0,0,0,0,0,0,0,0,0,0,0,0,0,0,0,0,0,0,0,0,0,0,0,0,0,0,0,0,0,0,0,0,0
2016-05-10,222,0,285,0,35,20,40,50,1,3,7,0,2,25,17,119,0,26,12,0,3,0,1,0,29,0,691,4,30,1,0,0,0,0,5,0,0,0,3,0,0,2,2,24,14,0,0,29,0,0,4,0,1,19,0,0,18,0,0,0,6,0,3,0,0,0,0,0,0,0,2,0,0,0,0,4,0,0,0,0,0,0,0,92,1,0,30,24,13,5,0,0,2,1,0,0,28,0,138,0,0,0,0,4,0,0,0,0,2,19,0,0,0,0,0,0,0,0,0,0,0,0,0,0,0,10,0,20,1,0,0,2,2,0,0,0,0,0,0,1,0,0,0,0,0,0,0,0,0,1,0,0,0,0,0,0,0,0,0,0,0,0,0,0,0,0,0,0,0,0,0,0,0,0,0,0,0,0,0,0,0,0,0,0,0,0,0,83,3,76,2,0,30,3,2,77,0,0,0,0,5,0,0,0,0,0,2,17,0,0,5,0,0,0,0,0,1,0,2,0,15,0,0,0,0,13,0,0,0,0,0,0,0,3,15,14,0,2,0,0,0,0,0,0,2,0,0,0,0,0,0,0,0,0,3,13,0,0,0,0,0,0,0,0,0,0,0,0,0,0,0,0,0,0,0,0,0,0,0,0,0,0,0,0,0,0,0,0,0,0,0,0,0,0,0,0,0,0,0,0,0,0,0,0,0,0,0,0,0,0,0,0,0,0,0,0,0,0,0,0,0,0,0,0,0,0,0,0,0,0,0,0,0,0
2016-05-17,317,0,225,0,23,21,30,32,4,0,11,0,1,32,9,64,0,17,12,1,5,0,1,0,3,0,656,1,45,5,0,0,0,0,4,0,0,0,5,0,0,2,2,20,0,0,0,0,0,0,10,0,0,28,0,0,23,0,0,0,0,0,3,0,0,0,0,0,0,0,2,0,0,0,0,0,0,0,1,0,0,0,0,82,1,0,0,0,13,4,5,51,104,2,9,0,12,0,174,0,0,0,0,2,0,0,0,0,2,19,0,0,0,0,0,0,0,0,0,0,0,0,0,0,0,6,0,20,1,0,0,1,1,0,0,0,0,0,0,1,0,0,3,0,0,0,0,0,0,1,0,0,0,0,0,0,0,0,0,0,0,0,0,0,0,0,0,0,0,0,0,0,0,0,0,0,0,0,0,0,0,0,0,0,0,0,0,80,8,71,4,0,28,3,2,0,0,0,0,10,82,0,0,0,25,0,0,17,0,0,8,0,0,0,0,0,2,0,3,1,12,0,0,0,0,17,0,0,0,0,0,0,0,4,15,14,21,3,0,0,0,0,0,0,2,0,0,0,0,0,0,0,0,0,1,13,0,0,0,0,0,0,0,0,0,0,0,0,0,0,0,0,0,0,0,0,0,0,0,0,0,0,0,0,0,0,0,0,0,0,0,4,0,0,0,0,0,0,0,0,0,0,0,0,0,0,0,0,0,0,0,0,0,0,0,0,0,0,0,0,0,0,0,0,0,0,0,0,0,0,0,0,0,0
2016-05-24,404,0,228,0,1,20,40,30,5,2,9,0,1,33,7,75,0,17,9,1,3,6,0,1,4,0,609,5,78,4,0,0,0,0,2,0,0,1,3,0,0,1,3,2,0,0,3,0,0,0,8,0,1,9,0,0,23,0,0,0,0,0,0,0,0,0,0,0,0,0,0,0,0,0,0,3,0,0,3,0,0,0,0,82,0,0,0,0,0,3,5,51,104,3,10,0,5,0,227,0,0,0,0,0,0,0,0,0,3,0,0,0,0,0,0,0,0,0,0,0,0,0,0,0,0,4,0,16,0,0,0,0,0,0,0,0,0,0,0,7,0,0,3,0,0,0,0,0,0,0,0,0,0,0,0,0,0,0,0,0,0,0,0,0,0,0,0,0,0,0,0,0,0,0,0,0,0,0,0,0,0,0,0,0,0,0,0,81,9,71,4,0,15,4,0,0,0,109,0,10,97,0,0,0,25,0,0,12,0,25,14,0,0,0,0,0,2,1,2,6,14,0,1,0,0,16,0,0,0,0,0,0,0,6,0,0,21,1,0,0,0,0,0,0,2,0,0,0,0,0,0,0,0,0,0,0,0,0,0,0,0,0,0,0,0,0,0,0,0,0,0,0,0,0,0,0,0,0,0,0,0,0,0,0,0,0,0,0,0,0,0,5,0,0,0,0,0,0,0,0,0,0,0,0,0,0,0,0,0,0,0,0,0,0,0,0,0,0,0,0,0,0,0,0,0,0,0,0,0,0,0,0,0,0
2016-05-31,422,0,248,0,3,28,46,39,2,5,8,0,6,23,16,44,0,22,12,2,1,8,0,1,4,1,562,4,54,4,0,0,0,0,4,0,0,2,1,0,0,0,2,22,0,0,3,1,0,0,10,0,2,0,0,0,28,0,0,0,0,0,0,0,0,0,0,0,0,0,0,0,0,0,0,3,0,0,4,0,0,0,0,21,1,0,0,0,0,9,0,0,0,3,1,0,17,0,178,0,0,0,0,0,0,0,0,0,2,0,0,0,0,0,0,0,0,0,0,0,0,0,0,0,0,3,0,16,0,0,0,0,2,0,0,0,0,0,0,8,0,0,0,0,0,2,0,0,0,0,0,0,0,0,0,0,0,0,0,0,0,0,0,0,0,0,0,0,0,0,0,0,0,0,0,0,0,0,0,0,0,0,0,0,0,0,0,82,9,73,1,0,11,10,0,0,0,109,0,0,26,0,0,0,130,0,0,12,0,25,12,0,0,0,0,0,1,1,1,5,14,0,1,0,0,9,0,0,4,0,0,0,0,2,0,0,0,1,0,0,0,0,0,0,2,0,0,0,0,0,0,0,0,0,0,0,0,0,0,0,0,0,0,0,0,0,0,0,0,0,0,0,0,0,0,0,0,0,0,0,0,0,0,0,0,0,0,0,0,0,0,1,0,0,0,0,0,0,0,0,0,0,0,0,0,0,0,0,0,0,0,0,0,0,0,0,0,0,0,0,0,0,0,0,0,0,0,0,0,0,0,0,0,0
2016-06-07,309,0,249,0,2,23,35,56,4,33,5,0,5,23,17,60,0,44,13,2,0,14,1,0,0,1,473,1,73,13,0,0,0,0,35,0,0,2,0,0,0,0,2,21,0,0,0,2,0,0,16,0,1,9,0,0,20,0,0,0,1,0,0,0,0,0,0,0,0,0,0,0,0,0,0,0,0,0,2,0,0,0,0,21,1,0,0,0,0,6,0,0,0,3,0,0,17,0,159,0,0,0,0,0,0,0,0,0,0,0,0,0,0,0,0,0,0,0,0,0,0,0,0,0,0,1,0,0,0,0,0,0,2,0,0,0,0,0,0,2,0,0,0,0,0,2,0,0,0,0,1,0,0,0,0,0,0,0,0,0,0,0,0,0,0,0,0,0,0,0,0,0,0,0,0,0,0,0,0,0,0,0,0,0,0,0,0,64,11,54,6,0,10,6,21,60,0,15,0,0,27,0,0,0,130,0,0,0,0,0,4,0,0,0,0,0,1,0,6,0,11,0,0,0,0,5,0,0,4,0,0,24,0,0,0,0,0,1,29,11,93,0,0,0,0,0,1,0,0,0,0,0,0,0,0,0,0,0,0,0,0,0,0,0,0,0,0,0,0,0,0,0,0,0,0,0,0,0,0,0,0,0,0,0,0,0,0,0,0,0,0,0,0,0,0,0,0,0,0,0,0,0,0,0,0,0,0,0,0,0,0,0,0,0,0,0,0,0,0,0,0,0,0,0,0,0,0,0,0,0,0,0,0,0
2016-06-14,218,0,268,0,5,22,27,55,4,33,1,0,1,34,13,70,0,57,3,0,0,13,1,0,0,0,525,1,115,14,0,0,0,0,38,0,0,1,4,0,2,0,2,1,0,0,0,1,0,0,13,0,0,9,0,0,19,0,0,0,4,0,0,0,0,0,0,0,0,0,1,0,0,0,0,0,0,0,1,0,0,2,0,0,0,0,0,0,0,0,0,0,2,1,0,0,6,0,147,0,0,0,0,0,0,0,0,0,3,0,0,0,0,0,0,0,0,0,0,0,0,0,0,0,0,1,0,0,0,0,0,0,0,0,0,0,0,0,0,3,0,0,0,0,0,0,0,0,0,0,1,0,0,0,0,0,0,0,0,0,0,0,0,0,0,0,0,0,0,0,0,0,0,0,0,0,0,0,0,0,0,0,0,0,0,21,0,77,8,52,6,0,13,7,21,60,0,15,0,0,16,0,0,0,0,0,0,0,0,0,9,0,0,0,0,0,3,0,8,0,11,0,0,0,0,6,0,0,0,0,0,24,0,2,0,0,34,0,29,11,192,159,0,0,2,0,1,0,0,0,0,0,0,0,0,0,0,0,0,0,0,0,0,0,0,0,0,0,0,0,0,0,0,0,0,0,0,0,0,0,0,0,0,0,0,0,0,0,0,0,0,0,0,0,0,0,0,0,0,0,0,0,0,0,0,0,0,0,0,0,0,0,0,0,0,0,0,0,0,0,0,0,0,0,0,0,0,0,0,0,0,0,0,0
2016-06-21,232,0,272,0,11,25,27,42,3,3,0,0,5,20,19,47,1,37,1,0,0,1,2,0,1,0,644,2,161,16,0,0,0,0,7,0,0,0,6,0,2,1,0,2,62,0,0,0,0,0,9,0,3,0,0,0,25,1,0,0,4,0,0,0,0,0,0,0,0,0,1,0,0,0,0,0,0,0,4,0,0,2,0,0,0,0,0,0,0,3,0,0,4,0,3,0,8,0,113,0,0,0,0,0,0,0,0,0,5,0,0,0,0,0,0,0,0,0,0,0,0,0,0,0,0,5,0,0,0,0,0,0,0,0,0,0,0,0,0,3,0,0,0,0,0,0,0,0,0,0,0,2,1,0,0,0,0,0,0,0,0,0,0,0,0,0,0,0,0,0,0,0,0,0,0,0,0,0,0,0,0,0,0,0,0,21,0,89,12,57,4,0,27,15,0,0,0,0,0,0,0,0,0,0,0,0,8,74,0,0,14,0,0,0,0,0,2,0,2,0,15,0,0,0,0,9,0,0,0,0,0,110,0,2,0,0,34,2,0,0,99,159,37,3,2,0,1,0,0,0,0,0,0,0,1,0,0,0,0,0,0,0,0,0,0,0,0,0,0,0,0,0,0,0,0,0,0,0,0,0,0,0,0,0,0,0,0,0,0,0,0,0,1,0,0,0,0,0,0,0,0,0,0,0,0,0,0,0,0,0,0,0,0,0,0,0,0,0,0,0,0,0,0,0,0,0,0,0,0,0,0,0,0,0
2016-06-28,198,0,252,0,7,23,26,44,3,0,1,0,9,29,14,46,1,26,1,1,2,0,6,0,1,2,680,10,193,15,0,0,0,0,5,0,0,2,2,0,0,1,1,5,62,0,0,0,0,0,4,0,7,0,0,0,12,1,0,0,1,0,0,0,0,0,0,0,0,0,0,0,0,0,0,0,0,0,5,0,0,0,0,0,0,0,0,0,0,4,0,0,4,2,4,0,8,0,143,0,0,0,0,0,0,0,0,0,4,0,0,0,0,0,0,0,0,0,0,0,0,0,0,0,0,4,0,129,0,0,3,0,0,0,0,0,0,0,0,5,0,0,0,0,0,0,0,0,0,0,1,2,1,0,0,0,0,0,0,0,0,0,0,0,0,0,0,0,0,0,0,0,0,0,0,0,0,0,0,0,0,0,0,0,0,0,0,74,11,58,5,0,23,8,0,0,0,0,0,0,0,0,0,0,0,0,8,74,0,0,10,0,0,0,0,0,3,0,1,2,15,0,0,0,0,10,0,0,0,0,0,110,0,0,0,0,0,3,0,0,5,0,37,15,0,0,1,0,0,0,0,0,0,0,1,0,0,0,0,0,0,0,0,0,0,0,0,0,0,0,0,0,0,0,0,0,0,0,0,0,0,0,0,0,0,0,0,0,0,0,0,0,1,0,0,0,0,0,0,0,0,0,0,0,0,0,0,0,0,0,0,0,0,0,0,0,0,0,0,0,0,0,0,0,0,0,0,0,0,0,0,0,0,0
2016-07-05,158,0,215,0,3,27,27,47,3,3,2,0,7,36,15,23,0,31,0,2,2,1,12,0,0,4,742,10,80,16,0,0,0,0,6,0,0,6,1,0,0,1,1,5,0,0,0,1,0,0,0,0,10,0,0,0,13,0,0,0,1,0,0,0,0,0,0,0,0,0,0,0,0,0,0,0,0,0,3,0,0,1,0,0,0,0,0,0,0,2,0,0,9,4,1,0,8,0,133,0,0,0,0,0,0,0,0,0,3,0,0,0,0,0,0,0,0,0,0,0,0,0,0,0,0,4,0,129,0,0,3,0,1,0,0,0,0,0,0,5,0,0,1,0,0,0,0,0,0,0,1,0,0,0,0,0,0,0,0,0,0,0,0,0,0,0,0,0,0,0,0,0,0,0,0,0,0,0,0,0,0,0,0,0,0,0,0,77,10,68,13,0,19,1,0,0,0,0,0,0,0,0,0,0,0,0,0,0,0,0,12,0,0,0,0,0,5,0,1,3,14,0,0,0,0,6,0,0,0,0,0,0,0,0,0,0,0,1,0,30,5,0,0,12,0,0,0,0,0,0,0,0,0,0,3,0,0,0,0,0,0,0,0,0,0,0,0,0,0,0,0,0,0,0,0,0,0,0,0,0,0,0,0,0,0,0,0,0,0,0,0,0,0,1,0,0,0,0,0,0,0,0,0,0,0,0,0,0,0,0,0,0,0,0,0,0,0,0,0,0,0,0,0,0,0,0,0,0,0,0,0,0,0,0
2016-07-12,154,0,233,0,4,31,35,51,3,3,3,0,2,20,16,3,0,26,1,1,0,5,9,0,2,3,826,5,6,19,0,0,0,0,3,0,0,6,3,0,0,1,1,3,1,0,0,2,0,0,0,0,8,0,0,0,16,1,0,0,1,0,0,0,0,0,0,0,0,0,0,0,0,0,0,0,0,0,1,0,0,2,0,0,0,0,0,0,0,1,0,0,7,3,0,0,9,0,98,0,0,0,0,0,0,0,0,0,1,0,0,0,0,0,0,0,0,0,0,0,0,0,0,0,0,6,0,0,0,0,0,1,1,0,0,0,0,0,0,1,0,0,2,0,0,0,0,0,0,0,0,0,0,0,0,0,0,0,0,0,0,0,0,0,0,0,0,0,0,0,0,0,0,0,0,0,0,0,0,0,0,0,0,0,0,0,0,67,9,89,35,0,15,2,0,55,0,0,0,0,0,0,0,0,0,0,1,0,0,0,14,0,0,0,0,0,3,0,2,4,16,0,0,0,0,13,0,0,0,0,0,0,0,0,0,0,0,0,0,30,0,0,0,0,1,0,0,0,0,0,0,0,0,0,5,0,0,0,0,0,0,0,0,0,0,0,0,0,0,0,0,0,0,0,0,0,0,0,0,0,0,0,0,0,0,0,0,0,0,0,0,0,0,1,1,0,0,0,0,0,0,0,0,0,0,0,0,0,0,0,0,0,0,0,0,0,0,0,0,0,0,0,0,0,0,0,0,0,0,0,0,0,0,0
2016-07-19,181,0,317,0,5,28,36,55,1,5,6,0,3,8,10,5,0,14,1,0,0,9,4,0,2,2,809,5,3,8,0,0,0,0,3,0,0,11,2,0,1,0,2,2,1,0,0,1,2,0,0,0,3,0,0,0,16,1,0,0,8,0,0,0,0,0,0,0,0,0,0,0,0,0,0,0,1,0,3,0,0,1,0,0,0,0,0,0,0,0,0,0,4,2,0,0,12,0,98,0,0,0,0,0,0,0,0,0,0,0,0,0,0,0,0,0,0,0,0,0,0,0,0,0,0,6,0,0,0,0,0,1,0,0,0,0,0,0,0,3,0,0,1,0,0,0,0,0,0,0,0,0,0,2,0,0,0,0,0,0,0,0,0,0,0,0,0,0,0,0,0,0,0,0,0,0,0,0,0,0,0,0,0,0,0,0,0,58,3,98,43,0,14,5,0,55,0,0,0,10,0,0,0,0,0,0,1,0,0,0,12,0,0,0,0,0,2,0,6,5,15,0,0,0,0,17,0,0,0,0,0,0,0,0,0,0,0,0,0,0,0,0,0,0,3,0,0,0,0,0,0,0,0,0,3,0,0,0,0,0,0,0,0,0,0,0,0,0,0,0,0,0,0,0,0,0,0,0,0,0,0,0,0,0,0,0,0,0,0,0,0,0,0,0,1,1,0,0,0,0,0,0,0,0,0,0,0,0,0,0,0,0,0,0,0,0,0,0,0,0,0,0,0,0,0,0,0,0,0,0,0,0,0,0
2016-07-26,204,0,332,0,3,25,34,62,0,8,5,0,3,7,10,5,0,13,0,0,0,22,4,0,1,1,752,2,76,3,0,0,0,0,6,0,0,20,2,0,3,0,4,2,0,0,0,1,2,0,0,0,1,0,0,1,22,0,0,0,10,0,0,0,0,0,0,0,0,0,0,0,0,0,0,0,1,0,7,0,0,0,0,0,0,0,0,0,0,0,0,0,4,1,1,9,16,0,141,0,0,0,0,0,0,0,0,0,1,0,0,0,0,0,0,0,0,0,0,0,0,0,0,0,0,9,0,0,0,0,0,0,0,0,0,0,0,0,0,4,0,0,0,0,0,0,0,0,0,0,0,0,0,2,0,1,0,0,0,0,0,0,0,0,0,0,0,0,0,0,0,0,0,0,0,0,0,0,0,0,0,0,0,0,0,0,0,58,2,76,34,0,20,6,0,0,0,0,0,20,0,0,0,0,0,0,2,0,0,0,11,0,0,0,0,0,3,0,8,3,13,0,0,0,0,12,0,0,0,0,0,0,0,0,0,0,0,1,0,0,0,0,0,0,2,0,0,0,0,0,0,0,0,0,3,0,0,0,0,0,0,0,0,0,0,0,0,0,1,0,0,0,0,0,0,0,0,0,0,0,0,0,0,0,0,0,0,0,0,0,0,0,0,0,0,1,0,0,0,0,0,0,0,0,0,0,0,0,0,0,0,0,0,0,0,0,0,0,0,0,0,0,0,0,0,0,0,0,0,0,0,0,0,0
2016-08-02,197,0,319,0,0,31,36,70,1,4,1,0,1,8,22,6,0,14,0,1,0,34,2,0,1,0,753,0,150,2,0,0,0,0,7,0,0,25,5,0,3,0,4,3,0,0,0,1,3,0,0,0,2,0,0,1,23,0,0,0,5,0,0,0,0,0,0,0,0,0,0,0,0,0,0,2,0,0,5,0,0,0,0,0,0,0,0,0,0,1,0,0,6,0,1,13,12,0,154,0,0,0,0,0,0,0,0,0,5,0,0,0,0,0,0,0,0,0,0,0,0,0,0,0,1,10,0,0,0,0,0,0,0,0,0,0,0,0,0,2,0,0,0,0,0,0,0,0,0,0,0,0,0,0,1,1,0,0,0,0,0,0,0,0,0,0,0,0,0,0,0,0,0,0,0,0,0,0,0,0,0,0,0,0,0,0,0,58,5,87,17,0,10,2,0,0,0,0,0,10,0,0,0,0,0,0,2,0,0,0,10,0,0,0,0,0,3,0,4,2,10,0,0,0,0,6,0,0,0,0,0,0,0,3,0,0,0,1,0,0,0,0,0,0,0,0,0,0,0,0,0,0,0,0,4,0,0,1,0,0,0,0,0,0,0,0,0,0,1,0,0,0,0,0,0,0,0,0,0,0,0,0,0,0,0,0,0,0,0,0,0,0,0,0,0,0,0,0,0,0,0,0,0,0,0,0,0,0,0,0,0,0,0,0,0,0,0,0,0,0,0,0,0,0,0,0,0,0,0,0,0,0,0,0
2016-08-09,150,0,366,0,1,48,34,70,3,4,0,0,1,7,30,6,0,9,0,1,0,24,1,0,0,0,841,0,75,1,1,0,0,0,3,0,0,16,5,0,1,0,3,3,0,0,0,1,4,0,1,0,3,0,0,0,15,0,0,0,4,0,0,0,0,0,0,0,0,0,0,0,0,0,0,2,0,0,1,0,0,0,0,0,0,0,0,0,0,2,0,0,8,3,0,4,7,0,122,0,0,0,0,0,0,0,0,0,4,0,0,0,0,0,0,0,0,0,0,0,1,0,0,0,1,10,0,0,0,0,0,0,1,0,0,0,0,0,0,0,0,0,0,0,0,0,0,0,0,0,0,0,0,0,1,0,3,0,0,0,0,0,0,0,0,0,0,0,0,0,0,0,0,0,0,0,0,0,0,0,0,0,0,0,0,0,0,65,13,117,18,0,8,0,0,0,0,0,0,0,0,0,0,0,0,0,0,0,0,0,23,0,0,0,0,0,4,0,2,1,12,0,0,0,0,7,0,0,0,0,0,0,0,3,0,0,0,0,0,0,0,0,0,0,1,0,0,0,0,0,0,0,0,0,2,0,0,1,0,0,0,0,0,0,0,0,0,0,0,0,0,0,0,0,0,0,0,0,0,0,0,0,0,0,0,0,0,0,0,0,0,0,0,0,0,0,1,0,0,0,0,0,0,0,0,0,0,0,0,0,0,0,0,0,0,0,0,0,0,0,0,0,0,0,0,0,0,0,0,0,0,0,0,0
2016-08-16,138,0,442,0,2,52,31,76,2,7,2,0,0,7,31,2,0,5,0,0,0,9,7,1,2,0,921,0,36,5,1,0,0,0,1,0,0,10,4,0,1,0,7,1,0,0,0,2,2,0,2,0,1,0,0,0,16,0,0,0,3,0,0,0,0,0,0,0,0,0,0,0,0,0,0,0,0,0,0,0,0,0,0,0,0,0,0,0,0,2,0,0,2,3,1,0,7,0,147,0,0,0,0,0,0,0,0,0,0,0,0,0,0,0,0,0,0,0,0,0,1,0,0,0,0,9,0,0,0,0,0,0,1,0,0,0,0,0,0,0,0,0,0,0,0,0,0,0,0,0,0,0,0,0,0,1,3,0,0,0,0,0,0,0,0,0,0,0,0,0,0,0,0,0,0,0,0,0,0,0,0,0,0,0,0,0,0,65,11,101,19,0,13,3,0,0,0,1,0,0,0,0,0,0,0,0,2,0,0,0,32,0,0,0,0,0,3,0,2,0,13,0,0,0,0,12,0,0,0,0,0,0,0,2,0,0,0,0,0,0,0,0,0,0,5,0,2,0,0,0,0,0,0,0,0,0,0,0,0,0,0,0,0,0,0,0,0,0,0,0,0,0,0,0,0,0,0,0,0,0,0,0,0,0,0,0,0,0,0,0,0,0,0,0,0,0,1,0,0,0,0,0,0,0,0,0,0,0,0,0,0,0,0,0,0,0,0,0,0,0,0,0,0,0,0,0,0,0,0,0,0,0,0,0
2016-08-23,173,0,418,0,9,41,27,93,0,11,4,0,0,8,24,4,0,10,0,1,0,2,9,2,3,0,911,0,114,4,0,0,0,0,2,0,0,23,6,0,1,0,6,0,0,0,0,1,2,0,1,0,0,0,0,0,20,0,0,0,2,0,0,0,0,0,0,0,0,0,1,0,0,0,0,0,0,0,7,0,0,0,0,0,0,0,0,0,0,2,0,0,0,3,1,0,14,0,131,0,0,0,0,0,0,0,0,0,0,0,0,0,0,0,0,0,0,0,0,0,0,0,0,0,0,11,0,0,0,0,0,0,0,0,0,0,0,0,0,1,0,0,0,0,0,0,0,0,0,0,0,0,0,0,0,1,0,0,1,0,0,0,0,0,0,0,0,0,0,0,0,0,0,0,0,0,0,0,0,0,0,0,0,0,0,0,0,65,6,79,19,0,10,3,0,0,0,1,0,20,17,0,0,0,0,0,4,0,0,0,19,0,0,0,0,0,6,0,0,0,11,0,0,0,0,11,0,0,0,0,0,0,0,2,0,0,1,0,0,0,0,0,0,0,6,0,2,0,0,0,0,0,0,0,0,0,0,0,0,0,0,0,0,0,0,0,0,0,0,0,0,0,0,0,0,0,0,0,0,0,0,0,0,0,0,0,0,0,0,0,0,0,0,0,0,0,0,1,0,0,0,0,0,0,0,0,0,0,0,0,0,0,0,0,0,0,0,0,0,0,0,0,0,0,0,0,0,0,0,0,0,0,0,0
2016-08-30,188,0,316,0,13,34,22,93,1,8,7,0,0,8,18,4,0,30,1,3,0,1,2,1,1,0,899,1,78,3,0,0,0,0,5,0,0,21,8,0,0,0,32,0,0,0,0,1,2,0,0,0,4,0,0,0,27,0,0,0,0,0,0,0,0,0,0,0,0,0,1,0,0,0,0,0,0,0,12,0,0,5,0,0,0,0,0,0,0,5,0,0,2,4,0,0,17,0,83,6,0,0,0,0,0,0,0,0,0,0,0,0,0,0,0,0,0,0,0,0,0,0,0,0,0,11,0,0,0,0,0,0,0,0,0,0,0,0,0,1,0,0,0,0,0,0,0,0,0,0,0,0,0,0,0,1,0,2,1,0,0,0,0,0,0,0,0,0,0,0,0,0,0,0,0,0,0,0,0,0,0,0,0,0,0,0,0,69,14,78,27,0,15,2,0,0,0,0,0,20,17,0,0,0,0,0,2,0,0,0,10,0,0,0,0,0,7,0,2,1,17,0,0,0,0,11,0,0,0,0,0,0,0,0,0,0,1,0,0,0,0,0,0,0,7,0,2,0,0,0,0,0,0,0,2,0,0,0,0,0,0,0,0,0,0,0,0,0,0,0,0,0,0,0,0,0,0,0,0,0,0,0,0,0,0,0,0,0,0,0,0,0,0,0,0,0,0,1,1,2,0,0,0,0,0,0,0,0,0,0,0,0,0,0,0,0,0,0,0,0,0,0,0,0,0,0,0,0,0,0,0,0,0,0
2016-09-06,163,0,263,0,8,25,22,85,2,2,7,0,0,20,18,5,0,46,4,2,2,4,0,0,0,0,868,1,3,8,0,0,0,0,18,0,0,9,7,0,0,0,32,0,0,0,0,1,2,0,0,0,6,0,0,0,21,0,0,0,1,0,0,0,0,0,0,0,0,0,0,0,0,0,0,0,1,0,5,0,0,5,0,0,0,0,0,0,0,11,0,0,7,3,0,0,10,1,97,6,0,0,0,0,0,0,0,0,1,0,0,0,0,0,0,0,0,0,0,0,0,0,0,0,0,6,0,0,0,0,0,0,0,0,0,0,0,0,0,0,0,0,2,0,0,0,0,0,0,0,0,0,0,0,0,1,0,2,0,7,0,0,0,0,0,0,0,0,0,0,0,0,0,0,0,0,0,0,0,0,0,0,0,0,0,0,0,66,18,65,15,0,14,8,0,0,0,12,0,0,18,0,0,0,0,0,2,0,22,0,15,0,0,0,0,0,5,0,4,18,17,0,0,0,0,5,1,0,0,0,0,0,30,0,0,0,0,3,0,0,0,0,0,0,15,0,2,0,0,0,0,0,0,0,4,0,0,0,0,0,0,0,0,0,0,0,0,0,0,0,0,0,0,0,0,0,0,0,0,0,0,0,0,0,0,0,0,0,0,0,0,0,0,0,0,0,0,0,1,2,0,0,0,0,0,0,0,0,0,0,0,0,0,0,0,0,0,0,0,0,0,0,0,0,0,0,0,0,0,0,0,0,0,0
2016-09-13,163,0,245,0,3,24,29,75,1,2,4,0,1,25,12,44,0,33,4,0,2,7,4,2,1,0,752,0,79,9,0,0,0,0,33,0,0,3,6,0,0,0,2,2,17,0,0,0,1,0,7,0,2,0,0,0,12,0,4,0,1,0,0,0,0,0,0,0,0,0,0,0,0,0,0,2,2,0,0,0,0,1,0,0,0,0,0,0,0,9,0,0,7,2,0,0,3,2,167,0,0,0,0,0,0,0,0,0,3,0,0,0,0,0,0,0,0,0,0,0,0,0,0,0,0,12,0,0,0,0,0,0,0,0,0,0,0,0,0,1,0,0,3,0,0,1,0,0,0,0,0,0,0,0,0,0,0,0,0,7,1,0,0,0,0,0,0,0,0,0,0,0,0,0,0,0,0,0,0,0,0,0,0,0,0,0,0,68,12,57,8,0,10,9,1,0,4,53,0,2,18,0,0,0,0,0,2,0,47,0,18,0,0,0,0,0,7,0,5,41,12,0,0,0,0,4,1,0,1,0,0,0,30,1,13,0,0,4,0,0,0,0,0,0,10,0,1,0,0,0,0,0,0,0,2,0,0,0,0,0,0,0,0,0,0,0,0,0,0,0,0,0,0,0,0,0,0,0,0,0,0,0,0,0,0,0,0,0,0,0,0,0,0,0,0,0,0,0,0,0,4,1,0,0,1,0,0,0,0,0,0,0,0,0,0,0,0,0,0,0,0,0,0,0,0,0,0,0,0,0,0,0,0,0
2016-09-20,294,0,272,1,4,22,37,60,0,1,2,0,2,20,9,68,0,21,1,1,0,26,5,2,1,0,649,22,130,11,0,0,0,0,23,0,0,0,8,0,1,0,1,4,17,0,0,0,0,0,15,0,0,0,0,0,10,0,16,0,0,0,0,0,0,0,0,0,0,0,0,0,0,0,0,3,1,0,0,0,0,1,0,0,0,0,0,0,0,5,0,0,10,0,1,0,1,1,184,13,0,17,0,1,0,0,0,0,4,0,0,0,0,0,0,0,0,0,0,0,0,0,0,0,0,15,0,2,0,0,0,0,0,0,0,0,0,0,0,3,0,0,1,0,0,1,0,0,0,0,1,0,0,0,0,0,0,0,0,0,1,2,1,0,0,0,0,0,0,0,0,0,0,0,0,0,0,0,0,0,0,0,0,0,0,0,0,76,9,64,14,0,15,8,1,50,4,65,0,2,1,0,0,0,0,0,0,18,25,0,23,0,0,0,0,0,7,0,10,61,13,0,0,0,0,13,0,0,2,0,0,0,0,1,43,0,0,2,0,0,0,0,0,0,2,8,1,0,0,0,0,0,0,0,1,0,0,0,0,0,0,0,0,0,0,0,0,0,0,0,0,0,0,0,0,0,0,0,0,0,0,0,0,0,0,0,0,0,0,0,0,0,0,0,0,0,0,0,0,0,4,1,14,0,1,0,0,0,0,0,0,0,0,0,0,0,0,0,0,0,0,0,0,0,0,0,0,0,0,0,0,0,0,0
2016-09-27,308,0,259,1,42,16,30,42,0,1,0,0,1,27,5,69,0,21,5,1,0,48,1,0,0,0,639,22,93,9,0,0,0,0,11,0,0,0,9,0,1,0,1,32,0,0,0,0,0,0,12,0,2,0,0,0,6,0,12,0,35,0,0,0,0,0,0,0,0,0,1,0,0,0,0,7,0,0,1,0,0,0,0,0,1,0,0,0,0,3,0,0,16,2,1,0,0,2,146,13,15,17,0,1,0,0,0,0,14,0,0,0,0,0,0,0,0,0,0,0,0,0,0,0,0,8,1,2,0,0,0,0,0,0,0,0,0,0,0,6,0,0,0,0,0,2,0,0,0,0,1,0,0,0,0,0,0,0,0,0,0,2,1,0,0,0,0,0,0,0,0,0,0,0,0,0,0,0,0,0,0,0,0,0,0,0,0,101,7,65,10,0,9,5,0,50,0,46,0,0,43,0,0,0,0,0,0,41,0,0,24,0,0,0,0,0,4,0,9,42,13,0,0,0,0,24,9,0,1,0,0,0,0,1,30,0,0,2,0,0,0,0,0,0,8,8,43,0,0,0,0,0,0,0,1,0,0,0,0,3,0,0,0,0,0,0,0,0,0,0,0,0,0,0,0,0,0,0,0,0,0,0,0,0,0,0,0,0,0,0,0,0,0,0,0,0,0,0,0,0,0,0,14,0,0,0,0,0,0,0,0,0,0,0,0,0,0,0,0,0,0,0,0,0,0,0,0,0,0,0,0,0,0,0
2016-10-04,224,0,232,0,38,16,28,35,0,1,0,0,1,21,18,57,0,16,5,0,0,76,0,0,1,0,702,0,49,4,1,0,0,0,12,0,0,0,5,0,0,0,1,76,0,0,0,0,1,0,10,0,2,0,0,0,8,0,0,0,35,0,0,0,0,0,0,0,0,0,3,0,0,0,0,6,0,1,1,0,0,0,0,0,1,0,0,0,0,2,0,0,8,2,0,0,1,2,158,13,15,0,0,0,0,0,0,0,15,0,0,0,0,0,0,0,0,1,0,0,0,0,0,0,0,7,1,0,0,0,0,0,0,0,0,0,0,0,0,15,0,0,0,0,0,2,1,0,0,0,0,0,0,0,0,0,0,0,0,0,0,0,0,3,1,1,0,0,0,0,0,0,0,0,0,0,0,0,0,0,0,0,0,0,0,0,0,126,3,66,3,0,24,1,0,0,0,46,0,0,61,0,0,0,0,0,0,23,0,43,21,0,0,0,0,0,4,0,2,8,12,0,0,0,0,19,9,0,0,0,0,0,25,2,30,0,0,1,0,0,0,0,0,0,10,0,43,0,0,0,0,0,0,0,0,0,0,0,0,3,0,0,0,0,0,0,0,0,0,0,0,0,0,8,0,0,0,0,0,0,0,0,0,0,0,0,0,0,0,0,0,0,0,0,0,0,0,0,0,0,0,0,0,2,0,6,2,0,0,0,0,0,0,0,0,0,0,0,0,0,0,0,0,0,0,0,0,0,0,0,0,0,0,0
2016-10-11,392,0,200,0,2,16,26,32,0,1,0,0,1,7,17,48,0,6,1,0,0,50,2,0,1,0,751,2,33,3,1,0,0,0,8,0,0,0,6,0,3,1,0,46,0,0,0,0,1,0,29,0,0,0,0,0,7,0,0,47,0,0,0,0,0,0,0,0,0,0,2,28,0,0,0,0,0,3,1,0,0,2,0,0,10,0,0,0,0,2,0,0,75,0,0,0,4,0,132,13,0,0,0,0,0,0,0,0,3,0,0,0,0,0,0,0,0,1,0,0,0,0,0,0,0,11,0,0,0,0,0,0,0,0,0,13,0,0,0,13,0,0,0,0,0,0,1,0,0,0,0,0,0,0,0,0,0,0,0,0,0,0,0,3,1,1,2,0,0,0,0,0,0,0,0,0,0,0,0,0,0,0,0,0,0,0,0,104,7,59,7,0,41,2,0,0,0,32,0,0,19,0,0,0,0,0,0,22,25,43,34,0,0,0,0,0,6,0,2,8,18,0,0,0,0,9,0,0,1,0,0,0,25,1,30,0,0,1,0,0,0,0,0,0,5,0,1,112,0,0,0,0,0,0,0,0,0,2,0,0,0,0,0,0,0,0,0,0,0,0,0,0,0,8,0,0,0,0,0,0,0,0,0,0,0,0,0,0,0,0,0,0,0,0,0,0,0,0,0,0,0,0,0,2,0,6,2,0,0,0,0,0,0,0,0,0,0,0,0,0,0,0,0,0,0,0,0,0,0,0,0,0,0,0
2016-10-18,483,0,183,0,2,24,27,23,0,1,0,0,0,12,8,53,0,5,2,1,1,10,5,0,0,0,665,4,100,2,0,0,0,0,3,0,0,0,7,0,3,1,0,0,0,0,0,0,0,0,25,0,0,0,0,0,8,0,0,69,0,0,0,0,0,0,0,0,0,0,0,28,0,0,0,0,0,2,1,0,0,5,0,0,10,0,0,0,0,0,0,0,75,0,0,0,19,0,128,0,0,1,17,0,0,0,0,0,2,0,0,0,0,0,0,0,0,0,0,0,0,0,0,0,0,9,0,55,0,0,0,0,0,0,0,13,0,0,0,6,0,0,0,0,0,0,0,0,0,0,0,0,0,0,0,0,0,0,0,0,0,0,0,0,0,0,2,1,1,0,0,0,0,0,0,0,0,0,0,0,0,0,0,0,0,0,0,78,8,71,12,0,47,1,0,0,1,8,0,7,48,0,0,0,0,0,0,22,50,20,27,0,0,0,0,171,2,0,2,5,17,0,0,0,0,5,0,0,1,0,0,0,0,2,14,0,0,2,0,0,0,0,0,0,1,0,22,128,50,15,1,0,0,0,2,0,0,3,0,0,0,0,0,0,0,0,0,0,0,0,0,0,0,0,0,0,0,0,0,0,0,0,0,0,0,0,0,0,0,0,0,0,0,0,0,0,0,0,0,0,0,0,0,0,0,0,0,8,0,0,0,0,0,0,0,0,0,0,0,0,0,0,0,0,0,0,0,0,0,0,0,0,0,0
2016-10-25,451,0,261,0,4,34,35,32,0,4,1,0,0,16,12,21,0,9,2,2,2,21,7,0,0,0,620,6,161,6,0,0,0,0,3,0,0,0,6,0,0,0,0,1,30,0,0,0,0,0,6,0,2,0,0,0,15,0,0,22,0,0,0,0,0,0,0,0,0,0,0,0,0,0,0,1,0,0,0,0,0,5,0,0,0,0,0,0,0,1,0,0,0,0,0,0,17,1,147,0,0,1,17,2,0,0,0,0,15,0,0,0,0,0,0,0,0,0,2,0,0,0,0,0,0,5,0,55,0,0,0,0,2,0,0,0,0,0,0,8,0,0,0,0,0,0,0,0,0,0,0,0,0,0,0,1,0,0,0,0,0,0,0,0,0,0,0,1,1,1,0,0,0,0,0,0,0,0,0,0,0,0,0,0,0,0,0,90,8,76,18,0,56,5,0,0,1,25,0,12,48,0,0,0,0,0,2,0,25,40,17,0,0,0,0,171,1,0,1,3,10,0,0,0,0,3,0,0,0,0,0,0,0,5,15,0,0,1,0,0,0,0,0,0,0,0,23,16,50,15,2,0,0,0,2,0,0,1,0,0,0,0,0,0,0,0,0,0,0,0,0,3,0,0,0,0,0,0,0,0,0,0,0,0,0,0,0,0,0,0,0,0,0,0,0,0,0,0,0,0,0,0,0,0,0,0,0,8,0,0,0,0,0,0,0,0,0,0,0,0,0,0,0,0,0,0,0,0,0,0,0,0,0,0
2016-11-01,398,0,360,0,5,41,43,59,0,5,6,0,3,5,13,12,0,4,1,2,2,11,5,1,0,2,803,8,107,5,0,0,0,0,12,0,0,1,4,0,0,0,0,1,59,0,0,0,0,1,5,0,3,18,0,0,26,0,0,0,0,0,0,0,0,0,0,0,0,0,0,0,0,0,0,3,0,0,3,0,0,2,0,0,0,0,0,0,0,3,0,0,0,1,0,0,1,1,134,0,0,0,0,3,0,0,0,0,15,0,1,0,0,0,0,0,0,0,4,0,0,0,0,0,0,3,0,0,0,0,0,0,2,0,0,0,0,0,0,8,0,0,2,0,0,0,0,0,0,0,0,0,0,0,0,1,0,0,0,0,0,0,0,0,0,0,0,0,0,1,0,0,0,0,0,0,0,0,0,0,0,0,0,0,0,0,0,120,6,60,12,0,58,7,26,0,0,68,0,5,14,0,0,0,0,0,2,0,0,20,24,0,0,0,0,0,2,0,5,3,13,0,0,0,0,4,0,0,0,0,0,0,0,3,1,0,0,0,0,0,0,88,0,0,1,0,6,0,0,0,2,0,0,0,0,0,0,0,0,0,0,0,0,0,0,0,0,0,0,0,0,3,0,0,0,0,0,0,0,0,0,0,0,0,0,0,0,0,0,0,0,0,0,0,0,0,0,0,0,0,0,0,0,0,0,0,0,0,1,0,0,0,0,0,0,0,0,0,0,0,0,0,0,0,0,0,0,0,0,0,0,0,0,0
2016-11-08,483,0,347,0,2,42,59,62,0,1,5,0,3,0,15,12,1,6,3,1,1,0,2,1,0,8,756,8,40,0,0,0,0,0,14,0,0,2,0,0,0,0,0,2,29,0,0,0,0,1,3,0,3,18,0,0,26,0,0,0,0,0,0,0,0,0,0,0,0,0,0,0,0,0,0,7,1,0,7,0,0,0,0,0,1,0,0,0,0,2,0,0,0,5,0,0,17,0,114,0,0,0,28,1,0,2,0,0,6,0,6,0,0,0,0,0,0,0,3,0,0,0,0,0,0,0,0,0,1,0,0,1,0,0,0,0,0,0,0,19,0,0,7,0,0,1,0,0,0,0,0,0,0,0,0,0,0,0,0,0,0,0,0,0,0,1,0,1,0,0,0,0,0,0,0,0,0,0,0,0,0,0,0,0,0,0,0,134,10,58,5,0,53,3,26,0,0,48,0,0,184,0,0,0,0,0,0,0,0,0,31,0,0,0,0,0,6,0,4,7,13,0,0,0,0,4,0,0,0,0,0,0,0,0,0,0,0,0,0,0,0,88,0,0,3,0,4,0,0,1,1,1,0,0,0,0,0,0,0,0,0,0,0,0,0,0,0,0,0,0,0,0,0,0,0,0,0,0,0,0,0,0,0,0,0,0,0,0,0,0,0,0,0,0,0,0,0,0,0,0,0,0,0,0,0,0,0,0,1,21,1,0,0,0,0,0,0,0,0,0,0,0,0,0,0,0,0,0,0,0,0,0,0,0
2016-11-15,441,0,274,0,1,43,57,42,0,0,3,0,0,0,12,1,1,18,4,1,0,0,1,0,0,9,549,8,40,1,0,0,0,0,12,0,0,2,0,0,0,0,0,3,0,0,0,0,0,0,2,0,5,0,0,0,27,1,0,0,0,0,0,0,0,0,0,0,0,0,4,0,0,0,0,6,2,0,6,0,0,0,0,0,1,0,0,0,0,1,0,0,0,7,0,0,18,1,85,0,0,0,28,0,1,9,0,0,6,0,5,0,0,0,0,0,0,0,2,0,0,0,0,0,0,2,0,0,1,0,0,1,0,0,0,0,0,0,0,15,0,0,6,0,0,1,0,0,0,0,0,0,0,0,0,0,0,0,0,0,0,0,0,0,0,1,0,1,0,0,0,1,0,0,0,0,0,0,0,0,0,0,0,0,0,0,0,129,10,64,8,0,64,2,0,0,2,5,0,0,170,0,0,0,0,0,1,0,0,0,29,0,0,0,0,0,5,0,0,10,11,0,0,0,0,5,0,0,1,0,0,0,0,0,0,0,0,0,0,0,0,0,0,0,2,0,0,0,0,2,0,2,1,0,0,0,0,0,0,0,0,3,0,0,0,0,0,0,0,0,0,0,0,0,0,0,0,0,0,0,0,0,0,0,0,0,0,0,0,0,0,0,0,0,0,0,0,0,0,0,0,0,0,0,0,0,0,0,0,21,1,19,3,0,0,0,0,0,0,0,0,0,0,0,0,0,0,0,0,0,0,0,0,0
2016-11-22,327,0,235,0,1,36,39,33,1,0,3,0,0,0,17,1,0,13,2,1,4,0,0,1,0,5,622,10,34,1,0,0,0,0,11,0,0,2,1,0,0,0,0,5,0,0,0,0,0,0,0,0,6,0,0,0,29,1,0,0,0,0,3,0,0,0,0,0,0,0,4,0,0,0,0,1,1,0,3,0,0,0,0,0,0,0,0,0,0,2,0,0,0,3,0,0,1,2,55,0,0,0,0,5,1,8,16,0,2,1,0,0,0,0,0,0,0,0,3,0,0,0,0,0,0,2,0,0,0,0,0,0,0,0,0,0,0,0,0,3,0,3,2,0,0,0,0,0,0,0,0,0,0,0,0,0,0,0,0,0,0,0,0,0,0,0,0,1,0,0,0,1,0,0,0,0,0,0,0,0,0,0,0,0,0,0,0,103,1,71,7,0,73,2,20,0,3,0,0,0,0,0,0,0,0,0,5,0,0,0,13,0,0,0,0,0,2,0,0,6,18,0,0,0,1,3,0,0,1,0,0,0,0,0,0,0,0,0,0,0,0,0,0,0,2,0,0,0,0,1,1,1,1,0,0,0,0,0,0,0,0,3,0,0,0,0,0,0,0,0,0,0,0,0,0,0,0,0,0,0,0,0,0,0,0,0,0,0,0,0,0,0,0,0,0,0,0,0,0,0,0,0,0,0,0,0,0,0,0,0,1,19,3,4,3,0,0,0,0,0,0,0,0,0,0,0,0,0,0,0,0,0,0,0
2016-11-29,420,0,201,0,8,27,21,32,1,0,2,0,0,0,20,0,0,1,1,0,5,0,0,1,0,5,582,8,20,0,0,0,0,0,6,0,0,2,4,0,0,0,0,4,0,0,0,0,0,1,0,0,3,0,0,0,20,1,0,0,0,0,3,0,0,0,0,0,0,0,0,0,0,0,0,2,0,0,3,3,0,0,0,0,2,0,0,0,0,3,0,0,0,1,0,0,18,1,34,0,0,0,0,7,0,6,16,8,2,2,0,0,0,0,0,0,0,0,2,0,0,0,0,0,0,0,0,0,0,0,0,0,0,0,0,0,0,0,0,7,0,3,1,0,0,0,0,0,0,0,0,0,0,0,0,0,0,0,0,0,0,0,0,0,0,0,0,1,0,0,0,0,0,0,0,0,0,0,0,0,0,0,0,0,0,0,0,66,2,67,8,0,71,2,40,0,1,0,0,0,0,0,0,0,0,0,4,0,0,0,15,0,0,0,0,0,4,0,0,3,12,0,0,0,1,1,0,0,0,0,0,0,0,0,0,4,0,0,0,0,0,0,0,0,2,0,1,0,0,0,1,0,0,0,0,0,0,1,0,0,0,0,0,0,0,0,0,0,0,0,0,0,0,0,0,0,0,0,0,0,0,0,0,0,0,0,0,0,0,0,0,0,0,1,0,0,0,0,0,0,0,0,0,0,0,0,0,0,0,0,1,0,0,4,3,0,0,0,0,0,0,0,0,0,0,0,0,0,0,0,0,0,0,0
2016-12-06,383,0,174,0,11,23,21,30,0,0,2,40,0,0,10,0,0,0,1,0,1,1,0,0,0,4,559,2,12,0,0,0,0,0,2,0,0,3,3,0,0,1,0,1,0,0,0,0,0,1,0,1,0,0,0,0,13,1,0,0,17,0,3,0,0,0,0,0,0,30,1,0,0,0,0,2,0,0,2,3,0,0,0,0,2,0,0,0,0,2,0,0,0,1,0,0,18,0,34,0,0,0,0,4,0,18,0,8,4,1,3,0,0,0,0,0,0,0,1,0,0,0,0,0,0,3,0,40,0,0,0,0,0,0,0,0,0,0,0,7,0,0,5,0,0,0,0,0,0,0,0,0,0,0,0,0,0,0,0,0,0,0,0,0,0,0,0,0,0,0,0,0,0,0,0,0,0,0,0,0,0,0,0,0,0,0,0,61,3,64,10,0,63,1,40,0,0,0,0,0,0,0,0,0,0,0,2,0,0,0,23,0,0,0,0,2,4,0,0,0,6,0,0,0,0,1,0,0,0,0,0,0,0,0,0,4,0,1,0,0,0,0,0,0,0,0,1,0,0,0,0,0,0,0,0,0,0,1,0,0,0,0,0,0,0,0,0,0,0,0,0,0,0,0,0,0,0,0,0,0,0,0,0,0,0,0,0,1,0,0,0,0,0,1,0,0,0,0,0,0,0,0,0,0,0,0,0,0,0,0,0,0,0,0,0,0,0,0,0,0,0,0,0,0,0,0,0,0,0,0,0,0,0,0
2016-12-13,279,0,171,0,7,22,23,31,0,0,0,40,0,0,4,0,0,0,1,0,0,1,0,0,0,2,608,6,15,0,0,0,0,0,1,0,0,2,0,0,0,1,0,2,0,0,0,0,0,0,0,1,0,0,0,0,14,0,0,0,17,0,3,0,0,0,0,0,0,63,1,0,0,0,0,0,0,0,2,0,0,0,0,0,0,0,0,0,0,0,0,0,0,0,0,0,0,1,34,0,0,0,0,3,0,20,0,0,3,6,3,0,0,0,0,0,0,0,1,0,0,0,0,0,0,4,0,40,3,0,0,0,0,0,0,0,0,0,0,5,0,0,5,0,0,0,0,0,0,0,0,0,0,0,0,0,0,0,0,0,0,0,0,0,0,0,0,0,0,0,0,0,0,0,0,0,0,0,0,0,0,0,0,0,0,0,0,55,2,58,10,0,41,1,40,0,0,0,0,0,0,0,0,0,0,0,2,0,0,0,33,0,0,0,0,2,3,0,0,1,9,0,0,0,0,1,0,0,0,0,0,0,0,0,0,0,0,1,0,0,0,0,0,0,2,0,0,0,0,0,0,0,0,0,0,0,9,0,0,0,0,0,0,0,0,0,0,0,0,0,0,0,0,0,0,0,0,0,0,0,0,0,0,0,0,0,0,1,0,0,0,0,0,0,0,0,0,0,0,0,0,0,0,0,0,0,2,0,0,0,0,0,0,0,0,2,1,0,0,0,0,0,0,0,0,0,0,0,0,0,0,0,0,0
2016-12-20,220,0,207,0,5,35,17,33,1,0,0,0,0,0,7,0,0,1,0,1,1,0,0,0,0,2,505,6,23,0,0,0,0,0,2,0,0,0,0,0,0,0,0,2,0,0,0,0,0,0,1,0,0,0,0,0,22,0,0,0,0,0,3,0,0,0,0,0,0,33,0,0,0,0,0,2,0,0,3,0,0,0,0,0,0,0,0,0,0,0,0,0,0,1,0,0,0,3,34,0,0,0,0,1,0,10,0,0,2,6,2,0,0,0,0,0,0,0,1,0,0,0,0,0,0,3,0,0,3,0,0,0,1,0,0,0,0,0,0,9,0,0,0,0,0,0,0,0,0,0,0,0,0,0,0,0,0,0,0,0,0,0,0,0,0,0,0,0,0,0,1,0,0,0,0,0,0,0,0,0,0,0,0,0,0,0,0,34,0,56,8,0,36,3,20,0,0,0,0,0,0,0,0,0,0,0,1,0,0,0,24,0,0,0,0,0,2,0,0,15,6,0,0,0,0,0,0,0,0,0,0,0,0,0,0,0,0,0,0,0,0,0,0,0,2,0,1,0,0,0,0,0,0,0,0,0,9,0,0,0,0,0,0,0,0,0,0,0,0,0,0,0,0,0,0,0,0,0,0,0,0,0,0,0,0,0,0,0,0,0,0,0,0,0,0,0,0,0,0,0,0,0,0,0,0,0,2,0,0,0,0,0,0,0,0,2,2,0,0,0,0,0,0,0,0,0,0,0,0,0,0,0,0,0
2016-12-27,198,0,277,0,3,36,16,42,1,2,1,0,1,0,14,8,0,1,3,1,2,0,0,0,0,2,546,1,21,0,0,0,0,0,6,0,0,1,2,0,0,0,0,2,0,0,0,0,0,0,1,0,0,0,0,0,35,0,0,0,0,0,3,0,0,0,0,0,0,0,1,0,0,0,0,8,0,0,2,0,0,0,0,0,1,0,0,0,0,0,0,0,0,2,0,0,1,3,34,0,0,0,0,0,0,15,0,0,1,1,4,0,0,0,0,0,0,0,2,0,0,0,0,0,0,4,0,0,0,0,0,0,1,0,0,0,0,0,0,7,0,0,1,0,0,0,0,0,0,0,0,0,0,0,0,0,0,0,0,0,0,0,0,0,0,0,0,0,0,0,1,0,0,0,0,0,0,0,0,0,0,0,0,0,0,0,0,51,2,52,10,1,24,2,0,0,0,0,0,0,0,0,0,0,0,0,4,0,0,0,15,0,0,0,0,0,3,0,0,18,6,0,0,0,0,0,0,0,0,0,0,0,0,0,0,0,0,3,0,0,0,0,0,0,0,0,1,0,0,0,0,0,0,71,0,0,0,0,0,0,0,0,0,0,0,0,0,0,0,0,0,0,0,0,0,0,0,0,0,0,0,0,0,0,0,0,0,0,0,0,0,0,0,0,0,0,0,0,0,0,0,0,0,0,0,0,0,0,0,0,0,0,0,0,0,0,1,1,0,0,0,0,0,0,0,0,0,0,0,0,0,0,0,0
2017-01-03,319,0,276,0,2,22,25,54,1,12,4,0,1,0,24,29,0,0,3,0,1,0,0,0,0,1,775,2,17,0,0,0,0,0,5,0,0,1,2,0,0,17,0,1,0,0,0,0,3,1,0,0,0,0,0,0,29,0,0,0,0,0,0,0,0,0,0,0,0,0,1,0,0,0,0,6,0,0,1,0,0,0,0,0,1,0,0,0,0,0,0,0,0,2,0,0,1,1,35,0,0,0,0,0,0,16,0,0,1,1,2,0,0,0,0,0,0,0,1,0,0,0,0,0,0,4,0,0,0,0,0,0,0,0,0,0,0,0,0,0,0,0,2,0,0,2,1,0,0,0,0,0,0,0,0,0,0,0,0,0,0,0,0,0,0,0,0,0,0,0,0,0,1,1,0,0,0,0,0,0,0,0,0,0,0,0,0,62,4,49,7,1,11,0,0,0,0,0,0,0,0,0,0,0,0,0,3,19,0,0,16,0,0,0,0,0,2,0,0,4,7,0,0,0,0,0,0,0,0,0,0,0,0,0,0,0,0,3,0,0,0,0,0,0,0,0,0,0,0,0,0,0,0,77,0,0,0,0,0,0,0,0,0,0,0,0,0,0,0,0,0,0,0,0,0,0,0,0,0,0,0,0,0,0,0,0,0,0,0,0,0,0,0,0,0,0,0,0,0,0,0,0,0,0,0,0,0,0,0,0,0,0,0,0,0,0,0,1,0,0,0,0,0,0,0,0,0,0,0,0,0,0,0,0
2017-01-10,381,0,211,0,11,17,22,53,2,10,3,0,0,0,17,21,0,0,1,2,0,0,0,1,0,0,660,4,16,0,0,0,0,0,5,0,0,1,2,0,0,17,0,1,0,0,0,0,11,1,0,0,0,0,0,0,17,0,0,0,0,0,27,0,0,0,0,0,0,0,2,0,0,0,0,1,0,0,1,0,0,0,0,0,0,0,0,0,0,0,0,0,0,1,0,0,0,0,35,0,0,0,0,0,0,7,0,0,1,0,2,0,0,0,0,0,0,0,0,0,0,0,0,0,0,3,0,0,0,0,0,0,0,0,0,0,0,0,0,1,0,0,2,0,0,2,1,0,0,0,0,0,0,0,0,0,0,0,0,0,0,0,0,0,0,0,0,0,0,0,0,0,1,1,0,0,0,0,0,0,0,0,0,0,0,0,0,53,3,45,2,0,11,0,0,0,0,0,0,0,0,0,0,0,0,0,0,19,0,0,10,0,0,0,0,0,0,0,0,2,5,0,0,0,0,0,0,0,0,0,0,0,0,0,0,0,0,1,0,0,0,0,0,0,0,0,0,0,0,0,0,0,0,6,0,0,0,0,0,0,0,0,0,0,0,0,0,0,0,0,0,0,0,0,0,0,0,0,0,0,0,0,0,0,0,0,0,0,0,0,0,0,0,0,0,0,0,0,0,0,0,0,0,0,0,0,0,0,0,0,0,0,0,0,0,0,0,0,0,0,0,0,0,0,0,0,0,0,0,0,0,0,0,0
2017-01-17,492,0,178,0,11,25,12,44,1,0,0,0,0,0,8,0,0,0,1,2,0,0,0,1,0,1,445,5,15,0,0,0,0,0,7,0,0,3,2,0,0,0,0,1,0,0,0,0,9,1,0,0,0,0,0,0,15,0,0,0,0,0,27,0,0,0,0,0,0,0,2,0,0,0,0,3,0,0,1,0,0,0,0,0,0,0,0,0,0,24,0,0,0,0,1,0,0,0,36,0,0,0,0,0,0,3,0,0,1,0,4,0,0,0,0,0,0,0,0,0,0,0,0,0,0,1,0,0,0,0,0,0,0,0,0,0,0,0,0,2,0,0,2,0,0,0,0,0,0,0,0,0,0,0,0,0,0,0,0,0,0,0,0,0,0,0,0,0,0,0,0,0,0,0,0,0,0,0,0,0,0,0,0,0,0,0,0,57,2,56,4,0,4,1,0,6,0,0,0,0,0,0,0,0,0,0,0,0,0,0,11,0,0,0,0,0,1,0,0,2,2,0,0,0,0,3,0,0,1,0,0,0,0,0,0,0,0,2,0,0,0,0,0,0,0,0,0,0,0,0,0,0,0,0,0,0,0,0,0,0,0,0,0,0,0,0,0,0,0,0,0,0,0,0,0,0,0,0,0,0,0,0,0,0,0,0,0,0,0,0,0,0,0,0,0,0,0,0,0,0,0,0,0,0,0,0,0,0,0,0,0,0,0,0,0,0,0,0,1,0,0,0,0,0,0,0,0,0,0,0,0,0,0,0
2017-01-24,476,0,168,0,1,21,14,37,0,1,0,0,0,0,8,0,0,2,0,0,1,9,0,1,0,3,455,4,13,0,0,0,0,0,94,0,0,2,5,0,0,0,0,0,6,0,0,0,1,2,0,0,0,0,0,0,7,0,0,9,0,0,0,0,0,80,0,0,0,0,0,0,3,0,0,4,0,0,0,0,0,0,0,0,0,0,0,0,0,24,0,0,0,0,1,0,0,0,37,0,0,0,0,0,0,3,0,0,2,0,6,0,0,0,0,0,0,0,0,0,0,0,0,0,0,0,0,0,0,0,0,0,0,0,0,0,0,0,0,16,0,0,4,0,0,0,0,0,0,0,0,0,0,0,0,0,0,0,0,0,0,0,0,0,0,0,0,0,0,0,0,0,0,0,0,0,0,0,0,0,0,0,0,0,0,0,0,64,1,63,5,0,10,1,0,49,0,0,0,0,0,0,0,0,0,0,0,0,0,0,11,0,0,0,0,0,1,0,0,4,4,0,0,0,0,3,0,0,1,0,0,0,0,0,0,0,0,1,0,0,0,0,0,0,0,0,0,0,0,12,0,0,0,0,0,0,0,0,0,0,0,0,0,0,0,0,0,0,0,0,0,0,0,0,0,0,0,0,0,0,0,0,0,0,0,0,0,0,0,0,0,0,0,0,0,0,0,0,0,0,0,0,0,0,0,0,0,0,0,0,0,0,0,0,0,0,0,0,1,1,1,0,0,0,0,0,0,0,0,0,0,0,0,0
2017-01-31,327,0,227,0,2,31,10,38,0,1,1,0,0,0,8,0,0,7,0,0,2,9,0,1,1,3,394,4,16,0,0,0,0,0,97,0,0,0,6,0,1,0,0,0,6,0,0,0,0,4,0,0,0,0,0,0,16,0,0,9,0,0,0,0,0,160,0,0,0,0,0,0,3,0,0,4,0,0,0,0,0,0,0,0,0,0,0,0,0,0,0,0,0,0,0,0,0,0,35,0,0,0,0,0,0,3,0,0,3,0,4,0,0,0,0,0,0,0,0,0,0,0,0,0,0,0,0,0,1,4,0,0,0,0,0,0,0,0,0,19,0,0,3,0,0,0,0,0,0,0,0,0,0,0,0,0,0,0,0,0,0,0,0,0,0,0,0,0,0,0,1,0,0,0,2,2,0,0,0,0,0,0,0,0,0,0,0,74,1,45,7,0,25,2,0,43,0,0,0,0,0,0,0,0,0,0,0,0,0,0,18,0,0,0,0,0,0,0,0,9,5,0,0,0,0,1,0,0,0,0,0,0,0,0,0,0,0,0,0,0,0,0,0,0,0,0,0,0,0,12,0,0,0,0,0,0,0,0,0,0,0,0,0,0,0,0,0,0,0,0,0,0,0,0,0,0,0,0,0,0,0,0,0,0,0,0,0,0,0,0,0,0,0,0,0,0,0,0,0,0,0,0,0,0,0,0,0,0,0,0,0,0,0,0,0,0,0,0,0,1,1,1,1,0,0,0,0,0,0,0,0,0,0,0
2017-02-07,377,0,245,0,2,33,9,43,0,0,1,0,0,0,24,2,0,6,0,0,1,0,0,0,3,2,416,7,14,0,0,0,0,0,12,0,0,2,1,0,1,0,0,2,70,0,0,0,0,3,0,0,0,0,0,0,19,0,0,0,0,0,3,0,0,80,0,0,0,0,1,0,0,0,0,5,0,0,0,0,0,0,0,0,0,0,0,0,0,0,0,0,0,0,0,0,0,1,35,0,0,0,0,1,0,0,0,0,2,0,0,0,0,0,0,0,0,0,2,0,0,0,0,0,0,0,0,0,2,4,0,0,0,0,0,0,0,0,0,11,0,0,2,0,0,0,0,0,0,0,0,0,0,0,0,0,0,0,0,0,0,0,0,0,0,0,0,0,0,0,1,0,0,0,10,2,0,0,0,0,0,0,0,0,0,0,0,76,1,52,7,0,34,2,0,0,2,0,0,0,0,0,0,0,0,0,0,0,0,0,14,0,0,0,0,0,1,0,0,5,5,0,0,0,0,1,0,0,0,0,0,0,0,0,0,0,0,0,0,0,0,0,0,0,0,0,2,0,0,0,0,0,0,0,0,0,0,0,0,0,0,0,0,0,0,0,0,0,0,0,0,0,0,0,0,0,0,0,0,0,0,0,0,0,0,0,0,0,0,0,0,0,0,0,0,0,0,0,0,0,0,0,0,0,0,0,0,0,0,0,0,0,0,0,0,0,0,0,0,0,0,1,1,0,0,0,0,0,0,0,0,0,0,0
2017-02-14,294,0,260,0,1,28,17,59,0,0,0,0,0,0,25,67,0,8,0,0,0,3,0,0,4,4,593,10,12,0,0,0,0,0,16,0,0,2,38,0,0,0,0,4,70,0,0,0,0,0,0,0,0,0,0,0,19,0,0,0,0,0,6,0,0,0,0,0,0,0,32,0,0,0,0,4,0,0,0,0,0,0,0,0,0,0,0,0,0,4,0,0,1,1,0,0,0,3,35,0,0,0,0,1,0,3,0,0,0,0,2,1,0,0,0,0,0,0,3,0,0,0,0,0,0,2,0,0,1,0,0,0,0,0,0,0,0,0,0,9,0,0,2,0,0,0,0,0,0,0,0,0,0,1,0,0,0,0,0,0,0,0,0,0,0,0,0,0,0,0,0,0,0,0,12,0,0,0,0,0,0,0,0,0,0,0,0,91,2,82,7,1,49,2,0,0,2,0,0,0,0,0,0,0,0,0,2,0,0,0,6,0,0,0,0,0,2,0,0,3,4,0,0,0,0,1,0,0,0,0,0,0,0,0,0,0,0,1,0,0,0,0,0,0,0,0,3,0,0,0,4,0,0,0,0,0,0,0,0,0,0,0,0,0,0,0,0,0,0,0,0,0,0,0,0,0,0,0,0,0,0,0,0,0,0,0,0,0,0,0,0,0,0,0,0,0,0,0,0,0,0,0,0,0,0,0,0,0,0,0,0,0,0,0,0,0,0,0,0,0,0,0,0,0,0,0,0,0,0,0,0,0,0,0
2017-02-21,381,0,281,0,1,32,17,79,0,1,0,0,0,0,15,68,0,18,1,0,2,4,0,0,3,4,625,7,19,0,0,0,0,0,12,0,0,2,38,0,1,0,0,3,0,0,0,0,0,0,1,0,0,0,0,0,22,0,0,0,0,0,3,0,0,0,0,0,0,0,31,0,0,0,0,9,0,0,0,0,0,0,0,0,0,0,0,0,0,7,0,0,1,3,0,0,0,4,35,0,0,0,0,0,0,6,0,0,2,0,2,1,1,0,0,0,0,0,3,0,0,0,0,0,0,2,0,1,0,0,0,0,0,0,0,0,0,0,0,6,0,0,0,0,0,1,0,0,0,0,0,0,0,1,0,0,0,0,0,0,0,0,0,0,0,0,0,0,0,0,0,0,0,0,12,0,0,0,0,0,0,0,0,0,0,0,0,100,3,82,5,1,64,3,0,35,0,0,0,0,0,0,0,0,0,0,2,0,0,0,12,0,0,0,0,0,2,0,0,6,11,0,0,0,0,3,0,0,0,0,0,0,0,0,0,0,0,4,0,0,0,0,0,0,0,0,1,0,0,0,4,0,0,0,0,0,0,0,0,0,0,3,0,0,0,0,0,0,0,0,0,0,0,0,0,0,0,0,0,0,0,0,0,0,0,0,0,0,0,0,0,0,0,0,0,0,0,0,0,0,0,0,0,0,0,0,0,0,0,0,0,0,0,0,0,0,0,0,0,1,0,0,0,0,0,0,0,0,0,0,0,0,0,0
2017-02-28,478,0,284,0,1,34,9,84,0,1,0,0,0,0,10,3,0,16,1,0,2,5,0,0,2,2,627,7,15,0,0,0,0,0,10,0,0,4,6,0,2,0,0,2,0,0,0,0,0,0,1,0,0,0,0,0,27,0,0,0,0,0,0,0,0,0,0,0,0,0,0,35,0,0,25,9,0,0,0,0,0,0,0,0,0,0,0,0,0,3,0,0,0,6,0,0,0,4,35,0,0,0,0,0,0,7,0,0,6,0,0,0,1,0,0,0,0,0,3,0,0,0,0,0,0,1,0,1,0,0,0,0,0,0,0,0,0,0,0,6,0,0,0,1,0,1,0,0,0,0,0,0,0,0,0,0,0,0,0,0,0,0,0,0,0,0,0,0,0,0,1,0,0,0,8,0,0,0,0,0,0,0,0,0,0,0,0,79,5,66,10,0,51,1,0,35,0,0,0,0,0,0,0,0,161,0,2,0,0,0,11,0,0,0,0,0,2,0,0,3,20,0,0,0,0,2,0,0,0,0,0,0,0,0,0,0,0,4,0,0,0,0,0,0,0,0,15,0,0,0,0,0,0,0,0,0,0,0,0,0,0,3,0,0,0,0,0,0,0,0,0,0,0,0,0,0,0,0,0,0,0,0,0,0,0,0,0,0,0,0,0,0,0,0,0,0,0,0,0,0,0,0,0,0,0,0,0,0,0,0,0,0,0,0,0,0,0,0,0,1,0,0,0,1,0,0,0,0,0,0,0,0,0,0
2017-03-07,537,0,223,0,4,26,20,65,0,0,1,0,0,0,5,0,0,6,1,0,1,6,0,0,2,3,685,6,7,0,0,0,0,0,8,0,0,3,6,0,1,0,0,3,0,0,0,0,0,0,0,0,0,0,0,0,26,0,0,17,0,0,0,0,0,0,0,0,0,0,1,35,0,0,25,1,0,0,0,0,0,0,0,42,0,0,0,0,0,2,0,0,0,4,0,0,0,3,34,0,0,0,0,0,0,6,0,0,6,0,0,0,0,35,0,0,0,0,1,0,0,0,0,0,0,1,0,0,0,0,0,0,0,0,0,0,0,0,0,4,0,0,0,1,0,1,0,0,0,0,0,0,0,0,0,0,0,0,0,0,4,0,0,0,0,0,0,1,0,0,1,0,0,0,3,0,0,0,0,0,0,0,0,0,0,0,0,111,7,73,16,0,41,3,0,0,0,44,0,0,0,0,0,0,161,0,7,0,0,0,11,0,0,0,0,0,1,0,0,1,22,0,0,0,0,4,0,0,0,0,0,0,0,0,0,0,0,2,0,0,0,0,0,0,1,0,17,0,0,0,0,0,0,0,1,0,0,0,0,0,0,0,0,0,0,0,0,0,0,0,0,0,0,0,0,0,0,0,0,0,0,0,0,0,0,0,0,0,0,0,0,0,0,0,0,0,0,0,0,0,0,0,0,0,0,0,0,0,0,0,0,0,0,0,0,0,0,0,0,0,0,0,0,2,0,0,0,0,0,0,0,0,0,0
2017-03-14,492,0,171,0,5,13,29,47,0,0,1,0,0,0,11,0,0,3,1,0,1,22,0,1,1,4,642,18,5,0,0,0,0,0,2,0,28,1,2,0,0,0,0,2,0,0,0,0,0,0,0,0,0,0,0,0,8,0,0,17,0,0,10,0,0,0,0,0,0,0,1,0,0,0,0,10,0,0,0,0,21,0,0,73,0,0,0,0,0,4,0,0,0,8,0,0,0,1,45,0,0,0,0,0,0,5,0,0,4,43,3,0,0,52,0,0,0,0,0,0,0,0,0,0,0,1,0,0,0,0,0,0,0,0,0,0,0,0,0,7,0,0,0,0,0,3,0,0,0,0,0,0,0,0,0,0,0,0,0,0,4,0,0,0,0,0,0,1,0,0,25,0,0,0,3,0,0,0,0,0,0,0,0,0,0,0,0,134,6,76,19,0,52,4,0,0,0,44,0,0,0,0,0,0,0,0,6,0,0,10,18,0,0,0,0,48,1,0,0,3,14,1,0,0,0,7,0,0,0,0,0,0,0,0,20,0,0,2,0,0,0,0,0,0,1,0,5,0,0,0,1,0,0,0,1,2,0,0,0,0,0,0,0,0,0,0,0,0,0,0,0,0,0,0,0,0,0,0,0,0,0,0,0,0,0,0,0,0,0,0,0,0,0,0,0,0,0,0,0,0,0,0,0,0,0,0,0,0,0,0,0,0,0,0,0,0,0,0,0,0,0,0,0,1,1,0,0,0,0,0,0,0,0,0
2017-03-21,379,0,177,0,3,12,28,38,0,0,0,0,0,0,15,0,0,3,1,0,0,23,0,1,0,5,645,38,5,0,0,0,0,0,1,0,28,0,3,0,0,0,0,0,0,0,0,0,0,0,1,0,0,0,0,0,8,1,0,15,0,0,13,0,0,0,0,0,0,0,0,0,0,0,0,15,0,0,0,0,23,0,0,31,7,0,0,0,0,6,0,0,0,10,0,0,0,0,45,0,0,0,0,0,0,11,0,0,2,43,6,0,0,21,0,0,0,0,0,0,0,0,0,0,0,2,0,0,0,0,0,0,0,0,0,0,0,0,0,6,0,0,0,0,0,2,0,0,0,0,0,0,0,0,0,0,0,0,0,0,0,0,0,0,0,0,0,0,0,0,25,0,0,0,0,0,0,0,0,0,0,0,0,0,0,0,0,124,10,81,20,0,54,2,18,0,0,42,0,0,15,0,0,0,0,0,1,0,0,10,11,0,0,0,0,48,1,0,0,62,10,3,1,0,0,7,0,0,0,0,0,0,0,0,21,0,0,1,0,0,0,0,0,0,1,0,5,0,0,0,4,0,0,0,0,3,27,1,0,1,0,0,0,0,0,0,0,0,0,0,0,0,0,0,0,0,0,0,0,0,0,0,0,0,0,0,0,0,0,0,0,0,0,0,0,0,0,0,0,0,0,0,0,0,0,0,0,0,0,0,0,0,0,0,0,2,0,0,0,0,0,0,0,2,1,0,0,0,0,0,0,0,0,0
2017-03-28,296,0,148,0,3,11,28,31,0,0,0,0,0,0,9,0,0,2,1,0,1,4,0,2,2,5,664,22,22,0,0,0,0,0,72,0,0,0,4,0,0,0,0,1,0,0,0,0,0,0,2,0,0,0,0,0,27,1,0,33,0,0,3,0,0,0,0,0,0,0,3,0,0,0,0,6,0,0,0,0,3,0,0,0,7,0,0,0,0,4,0,0,0,2,0,0,16,3,34,0,0,0,0,0,0,22,0,0,2,0,3,0,0,4,50,0,0,0,0,0,0,0,0,0,0,3,0,0,0,0,0,0,0,0,0,0,0,0,0,1,0,0,0,0,0,0,0,0,0,0,0,0,0,0,0,0,0,0,0,1,1,0,0,0,0,0,0,0,0,0,0,0,0,0,0,0,1,1,0,0,0,0,0,0,0,0,0,111,13,70,10,0,37,5,19,0,0,87,0,0,15,0,0,0,0,0,0,0,0,0,11,0,0,0,0,0,1,0,0,64,19,2,1,0,0,5,0,0,0,0,0,0,0,0,1,0,0,1,0,0,0,0,0,0,1,0,3,0,0,0,3,0,0,0,0,1,27,1,21,2,0,0,0,0,0,0,0,0,0,0,0,0,0,0,0,0,0,0,0,0,0,0,0,0,0,0,0,0,0,0,0,0,0,0,0,0,0,0,0,0,0,0,0,0,0,0,0,0,0,0,0,0,0,0,0,2,0,0,0,0,0,0,0,2,0,0,0,0,0,0,0,0,0,0
2017-04-04,251,0,187,0,2,25,27,50,0,3,2,0,0,0,5,0,0,18,3,0,6,1,0,5,4,3,682,1,29,0,0,0,0,0,77,0,0,2,4,0,0,0,0,1,0,0,0,0,0,0,5,0,0,0,0,0,32,0,0,18,0,0,1,0,0,0,0,0,0,0,3,0,0,0,0,1,0,0,0,0,1,0,0,0,0,0,0,0,0,1,0,0,0,3,0,0,16,4,34,0,0,0,0,0,0,14,0,0,4,0,0,0,0,0,50,0,0,0,0,0,0,0,2,0,0,8,0,0,0,0,0,0,0,0,0,0,0,0,0,2,0,0,1,0,0,0,0,0,0,0,0,0,0,0,0,0,0,0,0,1,1,0,0,0,0,0,0,0,0,0,0,0,0,0,2,0,1,1,0,0,0,0,0,0,0,0,0,95,11,71,4,0,44,7,21,0,0,88,0,0,2,0,0,0,0,0,2,0,0,0,17,0,0,0,0,35,1,0,0,4,19,0,0,0,0,3,0,0,0,0,0,0,0,0,15,0,0,2,0,0,0,0,0,0,0,0,5,0,0,0,2,0,0,0,0,0,0,0,42,3,10,0,0,0,0,0,0,0,0,0,0,0,0,0,0,0,0,0,0,0,0,0,0,0,0,0,0,0,0,0,0,0,0,0,0,0,0,0,0,0,0,0,0,0,0,0,0,0,0,0,0,0,0,0,0,0,0,0,0,0,0,0,0,0,0,0,0,0,0,0,0,0,0,0
2017-04-11,476,0,273,0,2,42,30,67,0,8,3,1,0,0,6,0,0,40,3,0,5,0,0,4,2,2,824,0,11,0,0,0,0,0,5,0,0,5,1,0,0,0,0,0,0,0,0,0,0,1,5,0,0,0,0,0,21,0,0,0,0,0,1,0,0,0,0,0,0,0,0,0,0,0,0,0,0,0,0,0,0,0,0,30,1,0,0,0,0,5,0,0,0,3,0,0,1,1,17,0,0,0,0,0,0,0,0,0,2,0,0,0,0,0,0,28,10,0,0,0,0,0,3,0,0,9,0,0,0,0,0,0,0,0,0,0,0,0,0,2,0,0,1,0,0,0,0,0,0,0,0,0,0,0,0,0,0,0,0,0,0,0,0,0,0,0,0,0,0,0,0,0,0,0,2,0,0,0,0,0,0,0,0,0,0,0,0,90,6,108,2,0,59,7,20,0,0,43,0,0,22,0,0,0,0,0,2,0,0,0,20,0,0,0,0,35,1,0,0,0,12,0,0,0,0,2,0,34,0,0,0,0,0,0,34,0,0,1,0,0,0,0,0,0,0,0,12,0,0,0,5,0,0,0,0,0,0,0,21,2,37,0,0,0,0,0,0,0,0,1,0,0,0,0,0,0,0,0,0,0,0,0,0,0,0,0,0,0,0,0,0,0,0,0,0,0,0,0,0,0,0,0,0,0,0,0,0,0,0,0,0,0,0,0,0,0,0,0,0,0,0,0,0,0,0,0,0,0,0,0,0,0,0,0
2017-04-18,399,0,384,0,4,46,32,70,0,7,1,1,0,0,13,7,0,44,1,0,2,4,20,1,0,1,977,2,16,0,0,0,0,0,3,0,0,5,3,0,0,1,0,0,0,0,0,0,3,1,8,0,0,0,0,0,19,0,0,0,0,0,4,0,0,0,0,0,0,0,0,0,0,0,0,1,0,0,0,0,0,0,0,30,1,0,0,0,0,4,0,0,0,0,0,0,1,0,50,0,0,0,0,0,0,0,0,0,2,1,4,1,0,0,0,28,34,0,0,0,1,0,1,0,0,12,0,0,0,0,0,0,0,0,0,0,0,0,0,1,0,0,0,0,0,0,0,0,0,0,0,0,0,0,0,0,0,0,0,0,0,0,0,0,0,0,0,0,0,0,0,0,0,0,0,0,0,0,0,0,0,0,0,0,0,0,0,72,2,104,0,0,39,10,0,0,0,0,0,0,20,0,0,0,0,0,0,0,0,0,20,0,0,0,0,0,1,0,0,2,12,0,0,0,0,8,0,34,0,0,0,0,0,0,66,0,0,0,0,0,0,0,0,0,0,0,10,0,0,0,5,0,0,0,0,7,0,0,0,0,37,0,0,0,1,0,0,0,0,1,0,0,0,0,0,0,0,0,0,0,0,0,0,0,0,0,0,0,0,0,0,0,0,0,0,0,0,0,0,0,0,0,0,0,0,0,0,0,0,0,0,0,0,0,0,0,0,0,0,0,0,0,0,0,0,1,2,0,0,0,0,0,0,0
2017-04-25,251,0,277,0,3,34,33,56,0,2,0,0,0,0,13,27,0,44,1,0,2,6,20,0,0,0,869,3,30,0,0,0,0,0,23,0,0,3,3,0,0,2,0,0,0,0,0,0,3,0,9,0,0,0,0,0,11,0,0,43,0,0,4,0,0,0,0,0,0,0,1,0,0,0,0,1,0,0,0,0,0,0,0,19,0,0,0,0,0,1,0,0,0,0,0,0,0,3,68,0,0,0,0,0,0,0,0,0,2,1,4,1,56,0,0,0,25,0,0,0,1,0,0,0,0,9,0,0,0,0,0,0,0,0,0,0,0,0,0,1,0,0,0,0,0,0,0,0,0,0,0,0,0,0,0,0,0,0,0,0,0,0,0,0,0,0,0,0,0,0,0,0,0,0,0,0,0,0,24,35,0,0,0,0,0,0,0,55,3,88,0,0,32,8,0,0,0,0,0,0,28,0,0,0,0,0,0,0,0,0,10,0,0,0,0,0,0,0,0,3,11,0,0,0,0,10,0,0,0,0,0,0,0,0,81,0,0,0,0,0,0,0,0,0,0,0,2,0,0,0,2,0,0,0,0,7,0,0,0,0,47,25,25,0,1,0,0,0,0,0,0,0,0,0,0,0,0,0,0,0,0,0,0,0,0,0,0,0,0,0,0,0,0,0,0,0,0,0,0,0,0,0,0,0,0,0,0,0,0,0,0,0,0,0,0,1,0,0,0,0,0,0,0,0,0,1,2,1,0,0,0,0,0,0
2017-05-02,308,0,235,0,2,35,33,57,0,0,1,0,0,4,10,45,0,46,0,0,1,2,0,0,1,2,901,12,69,11,0,0,0,0,24,0,0,1,2,0,0,1,0,0,35,0,0,0,1,0,6,0,1,0,0,0,20,1,0,43,0,0,3,0,0,0,0,0,0,0,1,0,0,0,0,2,0,0,0,0,0,0,0,19,0,0,30,0,0,4,0,0,0,1,0,0,0,5,18,0,0,0,0,0,0,0,0,0,3,1,2,0,56,0,0,0,1,0,0,0,0,0,0,0,0,0,0,0,0,0,0,0,0,0,0,0,0,0,0,7,0,0,1,0,0,0,0,0,0,0,0,0,0,0,0,0,0,0,0,0,0,0,0,0,0,0,0,0,0,0,0,0,1,0,0,0,0,0,24,35,1,0,0,0,0,0,0,71,2,124,0,0,43,5,0,0,0,100,0,0,28,0,0,0,0,0,2,0,0,36,5,0,0,0,0,0,0,3,0,4,8,0,0,0,0,6,0,20,1,0,0,38,0,0,34,0,0,0,0,0,0,0,0,0,0,0,0,0,0,0,0,0,0,0,0,0,0,0,0,3,37,25,25,0,1,0,0,0,0,1,0,0,0,0,0,0,0,0,0,0,0,0,0,0,0,0,0,0,0,0,0,0,0,0,0,0,0,0,0,0,0,0,0,0,0,0,0,0,0,0,0,0,0,0,0,1,0,0,0,0,0,0,0,1,0,0,0,1,1,0,0,0,0,0
2017-05-09,309,0,349,0,2,44,34,51,0,0,3,0,0,14,24,65,0,42,1,0,2,0,1,0,1,4,1012,32,68,11,0,0,0,0,32,0,0,0,7,0,0,0,0,0,50,0,0,0,1,0,25,0,1,0,0,0,26,1,0,0,0,0,3,0,0,0,0,0,0,0,0,0,0,0,0,2,0,0,0,0,0,0,0,0,0,0,30,0,0,4,0,0,0,1,0,0,0,2,1,0,0,0,0,0,0,0,0,0,9,1,2,4,0,0,0,0,0,32,5,0,0,0,1,0,0,0,0,0,0,0,0,1,14,0,0,0,0,0,0,8,0,0,2,0,0,0,0,0,0,0,1,0,0,0,0,0,0,0,0,0,0,0,0,0,0,0,0,0,0,0,1,0,1,0,0,0,0,0,0,0,2,0,0,0,0,0,0,107,15,135,0,0,42,11,0,0,1,100,0,20,13,0,0,0,18,0,21,0,0,36,13,0,0,0,0,28,0,4,0,3,10,0,0,0,0,16,0,37,1,0,21,38,0,0,12,0,0,0,0,0,1,0,0,0,0,0,0,0,0,4,1,0,3,0,0,3,0,0,0,7,37,0,20,1,1,0,0,0,0,1,0,0,0,0,0,0,0,0,0,0,0,0,0,0,0,0,0,0,0,0,0,0,0,0,0,0,0,0,0,0,0,0,0,0,0,0,0,0,0,0,0,0,0,0,0,0,0,0,0,0,0,0,0,2,0,0,0,0,1,0,0,0,0,0
2017-05-16,440,0,313,0,2,40,33,40,0,1,3,0,0,25,22,40,0,54,2,0,1,12,1,0,1,3,906,23,20,5,0,0,0,0,36,0,0,2,9,0,0,0,0,0,15,0,0,1,0,0,24,0,3,0,0,0,15,0,0,0,0,0,0,0,0,0,0,0,0,0,0,0,0,0,0,0,0,0,0,0,0,0,0,0,0,0,0,0,0,1,0,0,2,0,0,0,0,5,1,0,0,0,0,0,0,0,0,0,6,0,2,6,0,0,0,0,0,32,5,0,0,0,1,0,0,3,0,0,0,0,0,1,24,0,0,0,0,0,0,1,0,0,2,0,0,0,0,0,0,0,2,0,0,0,0,0,0,0,0,0,0,0,0,0,0,0,0,15,0,0,1,0,0,0,12,0,0,0,0,0,1,1,0,0,0,0,0,107,21,107,0,0,34,8,0,0,1,0,0,42,13,0,0,0,18,0,21,0,0,0,20,0,0,0,0,28,0,1,0,0,10,0,0,0,0,14,0,17,0,0,21,0,0,0,32,0,0,4,0,0,1,0,0,0,0,0,1,0,0,4,1,0,3,0,0,3,0,0,0,4,52,0,20,7,0,0,0,0,0,0,0,0,0,0,0,0,0,0,0,0,0,0,0,0,0,0,0,0,0,0,0,0,0,0,0,0,0,0,0,0,0,0,0,0,0,0,0,0,0,0,0,0,0,0,0,0,0,0,0,0,0,0,0,1,0,0,0,0,0,16,4,0,0,0
2017-05-23,465,0,274,0,2,31,34,55,0,1,2,0,0,38,10,11,0,56,1,0,0,20,0,4,3,2,936,6,11,7,0,0,0,0,10,0,0,2,6,0,0,0,0,0,0,0,0,1,0,0,12,0,7,0,0,0,12,0,0,0,0,0,0,0,0,0,0,0,0,0,0,0,0,0,0,0,0,0,0,0,0,0,0,0,0,0,0,0,0,2,0,0,26,0,0,0,0,7,0,0,0,0,0,0,0,0,0,0,3,0,2,4,0,0,0,0,0,0,0,0,0,0,0,0,0,4,0,30,0,0,0,0,10,0,0,0,0,0,0,3,0,0,4,0,0,0,0,0,0,0,1,0,0,0,0,0,0,0,0,0,0,0,0,0,0,0,0,15,0,0,0,0,0,0,12,0,0,0,0,0,1,1,0,0,0,0,0,100,16,106,0,0,23,2,2,0,0,0,0,22,0,0,0,0,0,0,2,22,60,0,9,0,0,0,0,0,0,0,0,0,12,0,0,0,0,2,0,11,2,0,0,0,0,0,20,0,0,4,0,0,0,0,0,0,4,0,1,0,0,0,0,0,3,0,2,0,0,0,0,0,115,0,0,7,1,0,0,0,0,0,0,0,0,0,0,0,0,0,0,0,0,0,0,0,0,0,0,0,0,0,0,0,0,0,0,0,0,0,0,0,0,0,0,0,0,0,0,0,0,0,0,0,0,0,0,0,0,0,0,0,0,0,0,0,0,0,0,0,0,16,17,8,0,0
2017-05-30,379,0,293,0,3,45,41,68,0,0,4,0,0,29,12,12,0,48,1,1,0,29,0,4,3,9,993,5,63,2,0,0,0,0,3,0,0,1,6,0,0,1,0,1,0,0,0,0,0,0,11,0,4,0,0,0,12,0,0,0,0,0,0,0,0,0,0,0,0,0,2,0,0,0,0,0,0,0,0,0,0,0,0,1,0,0,0,0,0,11,0,0,25,2,0,1,0,3,0,0,0,0,0,0,0,0,0,0,7,0,2,27,0,0,0,0,0,0,2,0,0,0,0,0,0,2,0,30,0,0,0,0,0,0,0,0,0,0,0,9,0,0,7,0,0,0,0,0,0,0,0,0,0,0,0,0,0,0,0,0,1,0,0,0,0,0,0,0,0,0,0,0,0,0,0,0,0,0,0,0,3,0,0,0,0,0,0,96,13,85,2,0,43,11,2,101,0,0,0,0,0,0,0,0,0,0,1,45,60,0,4,0,0,0,0,0,0,18,0,2,19,0,0,0,0,2,0,11,3,0,0,0,0,0,12,0,0,0,0,0,0,0,0,0,4,0,1,0,0,0,0,0,5,0,2,1,0,0,0,4,120,0,0,1,2,0,0,0,0,1,0,0,0,0,0,0,0,0,0,0,0,0,0,0,0,0,0,0,0,0,0,0,0,0,0,0,0,0,0,0,0,0,0,0,0,0,0,0,0,0,0,0,0,0,0,0,0,0,0,0,0,0,0,1,0,0,0,0,0,0,13,8,0,0
2017-06-06,372,0,338,0,5,58,42,82,0,2,6,0,0,19,25,1,0,52,1,1,1,21,0,0,1,12,874,5,77,5,0,0,0,0,1,0,0,2,6,0,0,1,0,1,0,0,0,0,1,0,3,0,0,0,0,0,18,0,0,0,0,0,0,0,0,0,0,0,0,0,2,0,0,0,0,3,7,0,0,0,0,0,0,1,0,0,0,0,0,9,0,0,1,2,0,1,0,3,20,0,0,0,0,0,0,0,0,0,10,20,2,31,0,0,0,0,0,0,4,1,0,0,1,0,0,8,0,0,0,0,0,0,0,0,0,0,0,0,0,10,0,0,7,0,0,0,0,0,0,0,0,0,0,0,0,0,0,0,0,0,1,0,0,0,0,0,0,0,0,0,0,0,0,0,0,0,0,0,0,0,6,0,0,0,0,0,0,87,8,87,2,0,58,10,26,101,2,18,0,0,12,0,0,0,1,0,1,23,0,0,10,0,0,0,0,0,1,18,0,3,20,0,0,0,0,2,0,0,1,0,0,0,0,0,32,0,0,0,0,0,0,0,0,0,0,0,1,0,0,0,0,0,2,0,0,1,0,0,0,4,102,0,0,0,1,0,0,0,0,4,0,0,4,0,0,0,0,0,0,0,0,0,0,0,0,0,0,0,0,0,0,0,0,0,0,0,0,0,0,0,0,0,0,0,0,0,0,0,0,0,0,0,0,0,0,1,0,0,0,0,0,0,0,4,0,0,0,0,0,0,0,0,1,0
2017-06-13,314,0,297,0,4,51,45,73,0,7,7,1,0,26,22,21,0,49,0,1,1,0,0,0,1,5,756,9,27,10,0,0,0,0,0,0,0,2,3,0,0,0,0,0,0,0,0,0,3,0,13,0,0,0,0,0,19,0,0,0,0,0,0,0,0,0,0,0,0,0,0,0,0,0,0,3,8,0,0,0,0,0,0,19,0,0,0,0,0,10,0,0,3,0,0,0,3,6,20,0,0,0,0,0,0,1,0,0,17,20,0,28,0,0,0,0,0,0,2,1,0,0,1,0,0,8,0,0,0,0,0,0,0,0,0,0,0,0,0,6,0,0,5,0,0,0,0,0,0,0,0,0,0,0,0,0,0,0,0,0,0,0,0,0,0,0,0,0,0,0,0,0,0,0,0,0,0,0,0,0,7,0,0,0,1,0,0,79,16,114,3,0,58,6,106,80,2,18,0,0,13,0,0,0,1,0,10,0,0,0,13,0,0,0,0,0,2,0,0,49,20,0,0,0,0,0,0,0,0,0,0,0,0,0,40,0,0,0,0,0,0,0,0,0,3,0,4,0,0,0,0,0,2,0,0,0,0,0,0,0,97,0,0,0,1,11,0,0,0,3,0,0,4,0,0,0,0,0,0,0,0,0,0,0,0,0,0,0,0,0,0,0,0,0,0,0,0,0,0,0,0,0,0,0,0,0,0,0,0,0,0,0,0,0,0,1,0,0,0,0,0,0,0,3,0,0,0,0,0,0,0,0,1,0
2017-06-20,321,0,291,0,4,44,48,69,0,6,7,1,0,28,7,21,0,50,0,1,0,0,1,0,1,1,781,16,25,9,0,0,0,0,2,0,0,2,2,0,0,0,0,0,0,0,0,0,2,0,16,1,0,0,0,0,19,0,0,0,0,0,0,0,0,0,0,0,0,0,0,0,0,0,0,0,2,0,0,0,0,0,0,19,0,0,0,0,0,11,0,0,6,1,0,0,4,6,0,0,0,0,0,0,0,1,0,0,17,28,0,36,0,0,0,0,0,0,1,0,1,1,0,0,0,2,0,0,0,0,0,0,0,0,0,0,0,0,0,4,0,0,6,0,0,0,0,0,0,0,0,0,0,0,0,0,0,0,0,0,0,0,0,0,0,0,0,0,0,0,0,0,0,0,0,0,0,0,0,0,6,0,3,1,1,0,0,85,24,106,3,0,39,11,107,80,0,0,0,0,12,0,0,0,0,0,14,0,0,0,22,0,0,0,0,0,1,0,0,48,28,0,0,0,0,1,0,0,0,0,0,0,0,0,20,0,0,0,0,0,0,0,0,0,3,0,4,0,0,0,0,0,4,0,0,0,0,0,0,0,87,0,0,0,1,11,0,0,0,0,0,0,1,0,0,0,0,0,0,0,0,0,0,0,0,0,0,0,0,0,0,0,0,0,0,0,0,0,0,0,0,0,0,0,0,0,0,0,0,0,0,0,0,0,0,0,0,0,0,0,0,0,0,0,0,0,0,0,0,0,0,0,0,0
2017-06-27,363,0,319,0,5,43,36,84,0,2,3,0,0,25,9,12,0,50,3,1,1,25,1,0,0,0,790,14,93,9,0,0,0,0,2,0,0,1,1,0,0,0,0,0,0,0,0,0,0,0,5,1,1,0,0,0,18,0,2,0,0,0,0,0,0,0,0,0,0,0,0,0,0,0,0,0,1,0,0,0,0,0,0,0,0,0,0,0,0,1,0,0,6,1,0,0,1,2,0,0,0,0,0,0,0,0,0,0,14,28,1,18,0,0,7,0,0,0,1,25,1,1,0,0,0,3,0,0,0,0,0,0,0,0,0,0,0,0,0,7,0,0,5,0,0,0,0,0,0,0,0,0,0,0,0,0,0,0,0,0,0,0,0,0,0,0,0,0,0,0,0,0,0,0,0,0,0,0,0,0,3,0,3,1,0,0,0,84,13,96,0,0,5,11,54,0,0,25,0,0,19,0,0,0,20,0,4,0,0,0,17,0,0,0,0,0,0,0,0,0,24,0,0,0,0,5,0,0,0,0,0,0,0,0,0,0,0,1,0,0,0,0,0,0,0,0,6,0,0,0,0,0,4,0,0,0,0,0,0,1,75,0,0,0,1,0,25,1,0,2,0,0,2,0,0,0,0,0,0,0,0,0,0,0,0,0,0,0,0,0,0,0,0,0,0,0,0,0,0,0,0,0,0,0,0,0,0,0,0,0,0,0,0,0,0,0,0,0,0,0,0,0,0,0,0,0,0,0,0,0,0,0,0,0
2017-07-04,317,0,320,0,3,49,25,82,0,5,6,0,0,17,14,22,0,43,6,2,2,25,0,1,0,1,823,6,155,6,0,0,0,0,0,0,0,5,3,0,0,1,0,0,0,0,0,0,4,0,4,0,1,0,0,0,20,0,2,0,0,0,0,0,0,0,0,0,0,0,0,0,0,0,0,0,0,0,0,0,0,0,0,0,0,0,0,0,0,4,0,0,4,1,0,0,4,0,0,0,0,0,0,0,0,0,0,0,9,0,3,10,0,0,7,0,0,0,0,46,0,0,0,0,0,5,0,0,0,0,0,0,0,0,0,0,1,0,0,10,0,0,1,0,0,0,0,0,0,0,0,0,0,0,0,0,0,0,0,0,0,0,0,0,0,0,0,0,0,0,0,0,0,0,0,0,0,0,0,0,1,0,0,0,0,0,0,68,3,113,1,0,7,11,27,0,1,25,0,0,8,0,0,0,40,0,0,0,0,0,12,0,0,0,0,0,0,4,0,0,12,0,0,0,0,4,0,0,0,0,0,0,0,0,0,0,0,3,0,0,0,0,0,0,0,0,7,0,0,0,0,0,4,0,0,0,0,0,0,1,80,0,0,0,2,0,25,2,0,2,0,0,1,0,0,0,0,0,0,0,0,0,0,0,0,0,0,0,0,0,0,0,0,0,0,0,0,0,0,0,0,0,0,0,0,0,0,0,0,0,0,0,0,0,0,0,0,0,0,0,0,0,0,0,0,0,0,0,0,0,0,0,0,0
2017-07-11,246,0,346,0,3,47,25,74,0,5,12,1,0,10,33,10,0,34,5,1,2,0,0,1,1,1,998,3,85,7,0,0,0,0,0,0,0,6,6,0,0,1,0,0,0,0,0,0,4,0,3,0,0,0,0,0,21,0,0,0,0,0,0,0,0,0,0,0,0,0,0,0,0,0,0,0,0,0,0,0,0,0,0,0,0,0,0,0,0,8,0,0,2,2,0,0,5,0,0,0,0,0,0,0,0,0,0,0,2,0,2,17,0,0,0,0,0,0,0,32,0,0,0,0,0,4,0,0,0,0,0,0,0,0,0,0,1,0,0,5,0,0,1,0,0,0,0,0,0,0,0,0,0,0,0,0,0,0,0,0,0,0,0,0,0,0,0,0,0,0,0,0,0,0,0,0,0,0,0,0,5,0,0,0,0,0,0,71,6,157,3,0,14,14,0,1,1,0,0,0,0,0,0,0,20,0,3,0,0,0,13,0,0,0,0,0,3,7,0,2,13,0,0,0,0,3,0,0,0,0,0,0,0,0,0,0,0,3,0,0,0,0,0,0,0,0,2,0,0,0,0,0,2,0,1,0,0,0,0,0,88,0,0,0,1,0,0,1,12,1,0,0,0,0,0,0,0,0,0,0,0,0,0,0,0,0,0,0,0,0,0,0,0,0,0,0,0,0,0,0,0,0,0,0,0,0,0,0,0,0,0,0,0,0,0,0,0,0,0,0,0,0,0,0,0,0,0,0,0,0,0,0,0,0
2017-07-18,228,0,358,0,6,65,34,85,0,2,7,2,0,5,47,0,0,37,2,0,1,0,0,0,1,0,1042,2,90,10,0,0,0,0,1,0,0,8,5,0,0,0,0,0,0,0,0,0,0,0,0,0,2,0,0,0,19,0,0,0,0,0,0,0,0,0,0,0,0,0,0,0,0,0,0,0,0,0,0,0,0,0,0,0,0,0,0,0,0,8,0,0,2,3,0,0,1,0,0,0,0,0,0,0,0,0,0,0,6,0,0,15,0,0,0,0,0,0,0,12,0,0,1,0,0,5,0,0,0,0,0,0,0,0,0,0,0,0,0,0,0,0,1,0,0,0,0,0,0,0,0,0,0,0,0,0,0,0,0,0,0,0,0,0,0,0,0,0,0,0,0,0,0,0,0,0,0,0,0,0,5,0,0,0,0,0,0,72,4,147,4,0,12,13,0,1,0,0,0,0,0,0,0,0,0,0,8,0,0,0,7,0,0,0,0,0,4,3,0,4,17,0,0,0,0,3,0,0,0,0,0,0,0,0,0,0,0,1,0,0,0,0,0,0,0,0,1,0,0,0,0,0,0,0,1,0,0,0,0,0,75,0,0,0,2,0,0,0,12,5,0,0,0,0,0,0,0,0,0,0,0,0,0,0,0,0,0,0,0,0,0,0,0,0,0,0,0,0,0,0,0,0,0,0,0,0,0,0,0,0,0,0,0,0,0,0,0,0,0,0,0,0,0,0,0,0,0,0,0,0,0,0,0,0
2017-07-25,203,0,355,0,6,73,30,103,0,6,3,1,0,3,27,0,0,40,0,0,0,0,0,0,0,0,874,10,161,5,0,0,0,0,3,0,0,12,2,0,0,0,0,0,0,0,0,0,3,0,0,0,3,0,0,0,20,0,0,0,0,0,0,0,0,0,0,0,0,0,1,0,0,0,0,0,0,0,0,0,0,0,0,0,0,0,0,0,0,9,0,0,4,2,0,0,1,1,0,0,0,0,0,0,0,0,0,0,5,0,0,8,0,0,0,0,0,0,0,4,0,0,2,0,0,8,0,0,0,0,0,0,0,0,0,0,0,0,0,0,0,0,5,0,0,0,0,0,0,0,0,0,0,0,0,0,0,0,0,0,0,0,0,0,0,0,0,0,0,0,0,0,0,0,0,0,0,0,0,0,3,0,0,0,0,0,0,62,3,120,13,0,10,13,0,0,0,0,0,0,0,0,0,0,1,0,7,0,0,0,11,0,0,0,0,0,1,0,0,4,18,0,0,0,0,1,0,0,0,0,0,0,0,0,0,0,0,0,0,0,0,0,0,0,0,0,1,0,0,0,0,0,0,0,2,0,0,0,0,0,80,0,0,0,5,0,0,1,0,5,0,0,3,0,0,0,0,0,0,0,0,0,0,0,0,0,0,0,0,0,0,0,0,0,0,0,0,0,0,0,0,0,0,0,0,0,0,0,0,0,0,0,0,0,0,0,0,0,0,0,0,0,0,2,0,0,0,0,0,0,0,0,0,0
2017-08-01,183,0,360,0,5,64,33,113,0,7,3,1,0,4,22,0,0,32,3,2,0,0,0,0,0,0,832,12,83,2,0,0,0,0,2,0,0,6,1,0,0,0,0,2,0,0,0,0,4,0,0,0,1,0,0,0,23,0,0,0,0,0,0,0,0,0,0,0,0,0,3,0,0,0,0,0,0,0,0,0,0,0,0,0,0,0,0,0,0,16,0,0,4,0,0,0,4,4,0,0,0,0,0,0,0,0,0,0,3,0,0,12,0,0,0,0,0,0,0,8,0,0,2,0,2,8,0,0,0,0,0,0,0,0,0,0,0,0,0,2,0,0,7,0,0,0,0,0,0,0,0,0,0,0,0,0,0,0,0,0,0,0,0,0,0,0,0,0,0,0,0,0,0,0,0,0,0,1,0,0,4,0,0,0,0,1,0,57,8,108,19,0,17,17,0,0,0,0,0,0,0,0,0,0,1,0,7,0,0,0,17,0,0,0,0,0,1,0,0,4,22,0,0,0,0,6,0,0,0,0,0,0,0,0,0,0,0,0,0,0,0,0,0,0,0,0,2,0,0,0,0,0,0,0,2,0,0,0,0,0,92,0,0,0,3,0,0,2,0,3,0,0,5,0,0,0,0,0,0,0,0,0,0,0,0,0,0,0,0,0,0,0,0,0,0,0,0,0,0,0,0,0,0,0,0,0,0,0,0,0,0,0,0,0,0,0,0,0,0,0,0,0,0,3,0,0,0,0,0,0,0,0,0,0
2017-08-08,153,0,393,0,9,75,32,113,0,10,4,1,0,3,31,0,0,45,3,3,0,0,0,1,0,1,865,4,11,3,0,0,0,0,3,0,0,8,4,0,2,0,0,4,0,0,0,0,3,0,0,0,0,0,0,0,22,0,0,0,0,0,0,0,0,0,0,0,0,0,2,0,0,0,0,0,0,0,0,0,0,0,0,0,0,0,0,0,0,14,0,0,4,0,0,0,3,3,0,0,0,0,0,0,0,0,0,0,3,0,0,13,0,0,0,0,0,0,0,5,0,0,1,0,2,5,0,0,0,0,0,0,0,0,0,0,0,0,0,2,0,0,4,0,0,2,0,0,0,0,2,0,0,0,0,0,0,0,0,0,0,0,0,0,0,0,0,0,0,0,0,0,0,0,0,0,0,1,0,0,4,4,0,0,0,1,0,60,11,99,9,0,16,16,1,0,0,0,0,0,0,0,0,0,26,0,9,0,0,0,22,0,0,0,0,0,1,0,0,5,26,0,0,0,0,10,0,0,0,0,0,0,0,0,0,0,0,0,0,0,0,0,0,0,0,0,5,0,0,0,0,0,3,0,0,0,0,1,0,0,91,0,0,0,2,0,0,1,0,8,10,2,2,0,0,0,0,0,0,0,0,0,0,0,0,0,0,0,0,0,0,0,0,0,0,0,0,0,0,0,0,0,0,0,0,0,0,0,0,0,0,0,0,0,0,0,0,0,0,0,0,0,0,1,0,0,0,0,0,0,0,0,0,0
2017-08-15,126,0,364,0,11,64,24,102,0,11,3,0,0,1,24,1,0,67,0,2,0,2,1,1,0,1,878,4,11,4,0,0,0,0,3,0,0,13,6,0,4,0,0,2,0,0,0,0,3,0,0,0,1,0,0,0,17,0,0,0,0,0,0,0,0,0,0,0,0,0,0,0,0,0,0,0,0,0,0,0,0,0,0,0,0,0,0,0,0,9,0,0,3,0,0,0,2,0,0,0,0,0,0,0,0,0,0,0,0,0,0,8,0,0,0,0,0,0,0,0,0,0,0,0,0,8,0,0,0,0,0,0,0,0,0,0,0,0,0,1,0,0,8,0,0,2,0,0,0,0,2,0,0,0,0,0,0,0,0,0,0,0,0,0,0,0,0,0,0,0,0,0,0,0,0,0,0,0,0,0,2,4,0,0,0,0,0,57,5,111,5,0,10,10,1,0,0,0,0,0,1,0,0,0,26,0,6,0,0,0,25,0,0,0,0,0,1,0,0,3,24,0,0,0,0,5,0,0,0,0,0,0,0,0,0,0,0,1,0,0,0,0,0,0,0,0,4,0,0,0,0,0,3,0,1,0,0,1,0,0,77,0,0,0,2,0,0,0,0,7,10,2,2,0,0,0,0,0,0,0,0,0,0,0,0,0,0,0,0,0,0,0,0,0,0,0,0,0,0,0,0,0,0,0,0,0,0,0,0,0,0,0,0,0,0,0,0,0,0,0,0,0,0,0,0,0,0,0,0,0,0,0,0,2
2017-08-22,136,0,362,0,14,64,33,101,0,4,8,0,0,3,19,4,0,51,1,3,0,4,1,1,0,0,876,5,14,3,0,0,0,0,1,0,0,14,6,0,4,0,0,1,0,0,0,0,7,0,0,0,2,0,0,0,20,0,0,0,0,0,0,0,0,0,0,0,0,0,0,0,0,0,0,0,0,2,0,0,0,0,0,0,0,0,0,0,0,21,0,0,2,0,0,0,3,0,0,0,0,0,0,0,0,0,0,0,3,0,5,9,0,0,0,0,0,0,0,0,0,0,2,1,0,9,0,0,0,0,0,0,0,0,0,0,0,0,0,1,0,0,10,0,0,0,0,0,0,0,0,0,0,0,0,0,0,0,0,0,0,0,0,0,0,0,0,0,0,0,0,0,0,0,0,0,0,0,0,0,0,1,0,2,0,0,0,55,2,134,13,0,15,9,0,0,0,0,0,0,1,0,0,0,0,0,5,0,0,0,24,0,0,0,0,0,1,0,0,0,20,0,0,0,0,7,0,0,0,0,0,0,0,0,0,0,0,2,0,0,0,0,0,0,1,0,3,0,49,0,0,0,2,0,1,0,0,0,0,0,62,0,0,0,0,0,0,0,0,4,0,0,2,0,0,0,0,0,0,0,0,0,0,0,0,0,0,0,0,0,0,0,0,0,0,0,0,0,0,0,0,0,0,0,0,0,0,0,0,0,0,0,0,0,0,0,0,0,0,0,0,0,0,1,0,0,0,0,0,0,0,0,0,2
2017-08-29,139,0,370,0,16,65,32,87,2,12,13,1,0,12,18,3,0,44,13,3,0,8,0,1,1,0,755,3,93,2,0,0,0,0,2,0,0,10,3,0,2,0,0,1,0,0,0,1,8,0,6,0,2,0,0,0,22,0,0,0,0,0,3,0,0,0,0,0,0,0,0,0,0,0,0,0,0,2,0,0,0,0,0,0,0,0,0,0,0,17,0,0,4,3,0,0,8,0,0,0,0,0,0,0,0,0,0,0,5,0,7,11,0,0,0,0,0,0,0,0,0,0,2,1,1,4,0,0,0,0,0,0,0,0,0,0,0,0,0,1,0,0,4,0,0,0,0,0,0,0,0,0,0,0,0,0,0,0,0,0,0,0,0,0,0,0,0,0,0,0,0,0,0,0,0,0,0,0,0,0,4,1,0,2,0,0,0,69,2,141,10,0,13,8,0,71,0,0,0,0,0,0,0,0,0,0,3,0,0,0,19,0,0,0,0,0,1,0,0,3,27,0,0,0,0,7,0,0,0,0,0,0,0,0,0,0,0,2,0,0,0,0,0,0,1,0,3,0,57,0,0,0,2,0,0,0,0,0,0,0,37,0,0,0,2,0,0,0,0,8,0,0,5,0,0,0,0,0,0,0,0,0,0,0,0,0,0,0,0,0,0,0,0,0,0,0,0,0,0,0,0,0,0,0,0,0,0,0,0,0,0,0,0,0,0,0,0,0,0,0,0,0,0,1,0,0,0,0,0,0,0,0,0,0
2017-09-05,89,0,203,0,10,37,16,48,2,11,5,1,0,10,9,0,0,38,12,3,0,7,0,0,1,0,410,4,85,3,0,0,0,0,1,0,0,2,0,0,0,1,0,0,0,0,0,1,2,0,6,0,2,0,0,0,10,0,0,0,0,0,3,0,0,0,0,0,0,0,0,0,0,0,0,0,0,0,0,0,0,0,0,0,0,0,0,0,0,4,0,0,2,3,0,0,7,1,0,0,0,0,0,0,0,0,0,0,4,0,2,5,0,0,0,0,0,0,0,1,0,0,0,0,2,4,0,0,0,0,0,0,0,0,0,0,0,0,0,1,0,0,0,0,0,0,0,0,0,0,0,0,0,0,0,0,0,0,0,0,0,0,0,0,0,0,0,0,0,0,0,0,0,0,0,0,0,0,0,0,5,0,0,0,0,0,0,42,0,74,2,0,7,7,0,71,0,0,0,0,0,0,0,0,0,0,2,0,0,0,9,0,0,0,0,0,2,0,0,3,18,0,0,0,0,0,0,0,0,0,0,0,0,0,0,0,0,2,0,0,0,0,0,0,0,0,0,0,8,0,0,0,0,0,0,0,0,0,0,0,37,0,0,0,2,0,0,0,0,7,0,0,6,0,0,0,0,0,0,0,0,0,0,0,0,0,0,0,0,0,0,0,0,0,0,0,0,0,0,0,0,0,0,0,0,0,0,0,0,0,0,0,0,0,0,0,0,0,0,0,0,0,0,0,0,0,0,0,0,0,0,0,0,0
2017-09-12,15,0,35,0,3,14,2,15,0,0,0,0,0,0,0,0,0,9,0,2,0,1,0,0,0,0,76,2,1,2,0,0,0,0,0,0,0,0,0,0,0,1,0,0,0,0,0,0,0,0,0,0,1,0,0,0,0,0,0,0,0,0,0,0,0,0,0,0,0,0,0,0,0,0,0,0,0,0,0,0,0,0,0,0,0,0,0,0,0,2,0,0,0,0,0,0,0,1,0,0,0,0,0,0,0,0,0,0,2,0,0,0,0,0,0,0,0,0,0,1,0,0,0,0,1,2,0,0,0,0,0,0,0,0,0,0,0,0,0,0,0,0,0,0,0,0,0,0,0,0,0,0,0,0,0,0,0,0,0,0,0,0,0,0,0,0,0,0,0,0,0,0,0,0,0,0,0,0,0,0,1,0,0,0,0,0,0,4,0,10,1,0,5,5,0,0,0,0,0,0,0,0,0,0,0,0,2,0,0,0,1,0,0,0,0,0,1,0,0,0,1,0,0,0,0,0,0,0,0,0,0,0,0,0,0,0,0,1,0,0,0,0,0,0,0,0,0,0,0,0,0,0,0,0,0,0,0,0,0,0,0,0,0,0,0,0,0,0,0,2,0,0,1,0,0,0,0,0,0,0,0,0,0,0,0,0,0,0,0,0,0,0,0,0,0,0,0,0,0,0,0,0,0,0,0,0,0,0,0,0,0,0,0,0,0,0,0,0,0,0,0,0,0,0,0,0,0,0,0,0,0,0,0,0