,Belgium,Bulgaria,Czechia,Denmark,Germany (until 1990 former territory of the FRG),Estonia,Ireland,Greece,Spain,France,Croatia,Italy,Cyprus,Latvia,Lithuania,Luxembourg,Hungary,Malta,Netherlands,Austria,Poland,Portugal,Romania,Slovenia,Slovakia,Finland,Sweden,United Kingdom,Iceland,Norway,Turkey,United States,Japan
1983-01-01,0,0,0,211,0,0,166,0,0,1742,0,1547,0,0,0,5,0,0,572,0,0,385,0,0,0,0,146,2787,0,0,0,11499,1580
1983-02-01,0,0,0,214,0,0,170,0,0,1657,0,1583,0,0,0,5,0,0,573,0,0,388,0,0,0,0,160,2802,0,0,0,11549,1560
1983-03-01,0,0,0,216,0,0,173,0,0,1649,0,1623,0,0,0,5,0,0,573,0,0,396,0,0,0,0,163,2823,0,0,0,11412,1530
1983-04-01,0,0,0,219,0,0,175,0,0,1729,0,1621,0,0,0,5,0,0,574,0,0,406,0,0,0,0,150,2867,0,0,0,11289,1580
1983-05-01,0,0,0,222,0,0,178,0,0,1784,0,1632,0,0,0,5,0,0,574,0,0,417,0,0,0,0,163,2858,0,0,0,11136,1580
1983-06-01,0,0,0,223,0,0,180,0,0,1828,0,1656,0,0,0,5,0,0,574,0,0,428,0,0,0,0,171,2875,0,0,0,11262,1510
1983-07-01,0,0,0,224,0,0,181,0,0,1852,0,1661,0,0,0,5,0,0,574,0,0,437,0,0,0,0,160,2868,0,0,0,10523,1500
1983-08-01,0,0,0,223,0,0,183,0,0,1884,0,1669,0,0,0,6,0,0,574,0,0,445,0,0,0,0,168,2848,0,0,0,10611,1640
1983-09-01,0,0,0,224,0,0,185,0,0,1914,0,1682,0,0,0,5,0,0,573,0,0,447,0,0,0,0,168,2853,0,0,0,10319,1610
1983-10-01,0,0,0,224,0,0,188,0,0,1946,0,1716,0,0,0,5,0,0,573,0,0,444,0,0,0,0,162,2834,0,0,0,9876,1530
1983-11-01,0,0,0,225,0,0,190,0,0,1972,0,1744,0,0,0,5,0,0,572,0,0,442,0,0,0,0,161,2835,0,0,0,9495,1550
1983-12-01,0,0,0,223,0,0,191,0,0,1995,0,1756,0,0,0,5,0,0,571,0,0,443,0,0,0,0,160,2839,0,0,0,9369,1560
1984-01-01,0,0,0,222,0,0,193,0,0,2012,0,1769,0,0,0,5,0,0,570,0,0,443,0,0,0,0,162,2833,0,0,0,9015,1610
1984-02-01,0,0,0,222,0,0,195,0,0,2032,0,1764,0,0,0,5,0,0,569,0,0,443,0,0,0,0,150,2852,0,0,0,8803,1620
1984-03-01,0,0,0,220,0,0,197,0,0,2054,0,1752,0,0,0,5,0,0,568,0,0,443,0,0,0,0,145,2847,0,0,0,8736,1590
1984-04-01,0,0,0,218,0,0,199,0,0,2071,0,1762,0,0,0,4,0,0,566,0,0,445,0,0,0,0,155,2839,0,0,0,8789,1570
1984-05-01,0,0,0,215,0,0,199,0,0,2092,0,1756,0,0,0,4,0,0,564,0,0,447,0,0,0,0,145,2863,0,0,0,8417,1590
1984-06-01,0,0,0,214,0,0,200,0,0,2112,0,1741,0,0,0,4,0,0,561,0,0,449,0,0,0,0,139,2878,0,0,0,8231,1660
1984-07-01,0,0,0,213,0,0,200,0,0,2128,0,1742,0,0,0,5,0,0,559,0,0,454,0,0,0,0,147,2904,0,0,0,8507,1650
1984-08-01,0,0,0,212,0,0,201,0,0,2147,0,1740,0,0,0,5,0,0,556,0,0,457,0,0,0,0,141,2920,0,0,0,8516,1620
1984-09-01,0,0,0,211,0,0,202,0,0,2166,0,1747,0,0,0,4,0,0,553,0,0,460,0,0,0,0,127,2954,0,0,0,8398,1610
1984-10-01,0,0,0,208,0,0,204,0,0,2193,0,1746,0,0,0,4,0,0,549,0,0,464,0,0,0,0,148,2969,0,0,0,8375,1640
1984-11-01,0,0,0,205,0,0,206,0,0,2201,0,1741,0,0,0,4,0,0,545,0,0,466,0,0,0,0,132,2994,0,0,0,8193,1600
1984-12-01,0,0,0,202,0,0,208,0,0,2199,0,1762,0,0,0,4,0,0,541,0,0,462,0,0,0,0,128,3012,0,0,0,8361,1540
1985-01-01,0,0,0,201,0,0,211,0,0,2188,0,1795,0,0,0,4,0,0,537,0,0,455,0,0,0,0,138,3027,0,0,0,8447,1480
1985-02-01,0,0,0,200,0,0,213,0,0,2181,0,1811,0,0,0,4,0,0,533,0,0,451,0,0,0,0,128,3046,0,0,0,8324,1560
1985-03-01,0,0,0,197,0,0,214,0,0,2177,0,1807,0,0,0,4,0,0,529,0,0,454,0,0,0,0,133,3056,0,0,0,8348,1560
1985-04-01,0,0,0,194,0,0,215,0,0,2174,0,1809,0,0,0,4,0,0,525,0,0,457,0,0,0,0,132,3077,0,0,0,8422,1480
1985-05-01,0,0,0,190,0,0,215,0,0,2174,0,1819,0,0,0,5,0,0,521,0,0,458,0,0,0,0,133,3094,0,0,0,8255,1520
1985-06-01,0,0,0,185,0,0,216,0,0,2185,0,1840,0,0,0,5,0,0,517,0,0,459,0,0,0,0,129,3081,0,0,0,8436,1550
1985-07-01,0,0,0,179,0,0,218,0,0,2178,0,1862,0,0,0,5,0,0,513,0,0,460,0,0,0,0,125,3080,0,0,0,8490,1530
1985-08-01,0,0,0,175,0,0,219,0,0,2180,0,1875,0,0,0,4,0,0,509,0,0,465,0,0,0,0,124,3077,0,0,0,8202,1510
1985-09-01,0,0,0,170,0,0,220,0,0,2185,0,1884,0,0,0,4,0,0,505,0,0,469,0,0,0,0,126,3065,0,0,0,8286,1590
1985-10-01,0,0,0,164,0,0,219,0,0,2199,0,1901,0,0,0,4,0,0,501,0,0,469,0,0,0,0,115,3071,0,0,0,8301,1640
1985-11-01,0,0,0,159,0,0,218,0,0,2198,0,1925,0,0,0,4,0,0,498,0,0,471,0,0,0,0,119,3052,0,0,0,8118,1680
1985-12-01,0,0,0,154,0,0,219,0,0,2190,0,1942,0,0,0,4,0,0,494,0,0,474,0,0,0,0,125,3059,0,0,0,8138,1670
1986-01-01,0,0,0,149,0,0,219,0,0,2178,0,1952,0,0,0,4,0,0,491,0,0,473,0,0,0,0,120,3059,0,0,0,7815,1610
1986-02-01,0,0,0,145,0,0,217,0,0,2172,0,1967,0,0,0,4,0,0,488,0,0,471,0,0,0,0,131,3050,0,0,0,8412,1550
1986-03-01,0,0,0,142,0,0,218,0,0,2175,0,1987,0,0,0,4,0,0,485,0,0,469,0,0,0,0,129,3079,0,0,0,8378,1630
1986-04-01,395,0,0,139,0,0,218,0,2822,2206,0,2002,0,0,0,4,0,0,482,0,0,465,0,0,0,0,117,3091,0,0,0,8412,1710
1986-05-01,395,0,0,137,0,0,218,0,2803,2217,0,2012,0,0,0,4,0,0,480,0,0,459,0,0,0,0,123,3099,0,0,0,8394,1610
1986-06-01,395,0,0,136,0,0,219,0,2786,2226,0,2023,0,0,0,4,0,0,478,0,0,451,0,0,0,0,115,3113,0,0,0,8486,1650
1986-07-01,392,0,0,136,0,0,218,0,2793,2253,0,2045,0,0,0,4,0,0,476,0,0,441,0,0,0,0,113,3124,0,0,0,8292,1760
1986-08-01,388,0,0,136,0,0,218,0,2790,2264,0,2070,0,0,0,4,0,0,474,0,0,430,0,0,0,0,116,3131,0,0,0,8136,1720
1986-09-01,387,0,0,135,0,0,217,0,2796,2280,0,2093,0,0,0,4,0,0,473,0,0,421,0,0,0,0,116,3128,0,0,0,8334,1690
1986-10-01,391,0,0,134,0,0,217,0,2792,2327,0,2115,0,0,0,4,0,0,472,0,0,418,0,0,0,0,114,3113,0,0,0,8238,1660
1986-11-01,392,0,0,135,0,0,217,0,2810,2339,0,2113,0,0,0,4,0,0,471,0,0,414,0,0,0,0,119,3111,0,0,0,8146,1680
1986-12-01,392,0,0,137,0,0,218,0,2815,2341,0,2134,0,0,0,4,0,0,471,0,0,411,0,0,0,0,114,3093,0,0,0,7885,1750
1987-01-01,392,0,0,138,0,0,218,0,2820,2356,0,2141,0,0,0,4,0,0,470,0,0,410,0,0,0,0,103,3092,0,0,0,7932,1790
1987-02-01,389,0,0,138,0,0,218,0,2808,2348,0,2143,0,0,0,4,0,0,471,0,0,409,0,0,0,0,108,3057,0,0,0,7876,1780
1987-03-01,385,0,0,138,0,0,216,0,2794,2338,0,2152,0,0,0,4,0,0,471,0,0,401,0,0,0,0,109,3018,0,0,0,7847,1740
1987-04-01,384,0,0,139,0,0,217,0,2781,2335,0,2154,0,0,0,4,0,0,472,0,0,393,0,0,0,0,105,2999,0,0,0,7592,1780
1987-05-01,382,0,0,140,0,0,218,0,2778,2323,0,2227,0,0,0,4,0,0,472,0,0,387,0,0,0,0,102,2939,0,0,0,7535,1870
1987-06-01,381,0,0,139,0,0,217,0,2782,2311,0,2301,0,0,0,4,0,0,473,0,0,379,0,0,0,0,102,2905,0,0,0,7366,1810
1987-07-01,379,0,0,138,0,0,216,0,2802,2310,0,2291,0,0,0,4,0,0,474,0,0,369,0,0,0,0,100,2862,0,0,0,7235,1660
1987-08-01,374,0,0,138,0,0,215,0,2802,2301,0,2286,0,0,0,4,0,0,475,0,0,362,0,0,0,0,107,2816,0,0,0,7253,1680
1987-09-01,371,0,0,139,0,0,215,0,2808,2293,0,2287,0,0,0,4,0,0,476,0,0,358,0,0,0,0,87,2784,0,0,0,7143,1680
1987-10-01,370,0,0,140,0,0,215,0,2790,2308,0,2269,0,0,0,4,0,0,478,0,0,354,0,0,0,0,90,2726,0,0,0,7209,1660
1987-11-01,369,0,0,141,0,0,215,0,2773,2297,0,2257,0,0,0,4,0,0,479,0,0,348,0,0,0,0,87,2668,0,0,0,7013,1640
1987-12-01,366,0,0,141,0,0,215,0,2776,2280,0,2260,0,0,0,4,0,0,480,0,0,342,0,0,0,0,81,2637,0,0,0,6921,1630
1988-01-01,363,0,0,143,0,0,215,0,2776,2275,0,2266,0,0,0,4,0,0,481,0,0,335,0,0,0,123,92,2589,0,0,0,6985,1650
1988-02-01,360,0,0,145,0,0,215,0,2763,2256,0,2266,0,0,0,3,0,0,482,0,0,335,0,0,0,118,81,2548,0,0,0,6924,1650
1988-03-01,356,0,0,148,0,0,216,0,2752,2241,0,2271,0,0,0,3,0,0,482,0,0,336,0,0,0,115,86,2503,0,0,0,6854,1630
1988-04-01,352,0,0,151,0,0,215,0,2754,2256,0,2279,0,0,0,3,0,0,482,0,0,335,0,0,0,113,80,2475,0,0,0,6636,1560
1988-05-01,348,0,0,154,0,0,213,0,2763,2244,0,2273,0,0,0,3,0,0,482,0,0,328,0,0,0,112,85,2430,0,0,0,6758,1530
1988-06-01,342,0,0,158,0,0,212,0,2761,2232,0,2271,0,0,0,3,0,0,481,0,0,314,0,0,0,110,83,2396,0,0,0,6534,1490
1988-07-01,338,0,0,161,0,0,212,0,2749,2248,0,2278,0,0,0,3,0,0,479,0,0,301,0,0,0,107,85,2364,0,0,0,6587,1570
1988-08-01,333,0,0,164,0,0,211,0,2723,2238,0,2286,0,0,0,3,0,0,477,0,0,296,0,0,0,104,80,2344,0,0,0,6831,1580
1988-09-01,325,0,0,168,0,0,209,0,2673,2230,0,2278,0,0,0,3,0,0,475,0,0,298,0,0,0,101,81,2391,0,0,0,6631,1510
1988-10-01,319,0,0,172,0,0,207,0,2608,2258,0,2283,0,0,0,3,0,0,472,0,0,301,0,0,0,99,82,2274,0,0,0,6556,1490
1988-11-01,315,0,0,177,0,0,206,0,2574,2249,0,2302,0,0,0,3,0,0,469,0,0,301,0,0,0,96,78,2243,0,0,0,6533,1490
1988-12-01,312,0,0,182,0,0,203,0,2566,2237,0,2294,0,0,0,3,0,0,465,0,0,300,0,0,0,94,64,2199,0,0,0,6521,1470
1989-01-01,307,0,0,184,0,0,201,0,2553,2240,0,2290,0,0,0,3,0,0,461,0,0,298,0,0,0,92,69,2176,0,107,0,6733,1420
1989-02-01,302,0,0,186,0,0,199,0,2527,2229,0,2294,0,0,0,3,0,0,457,0,0,298,0,0,0,90,76,2141,0,110,0,6353,1450
1989-03-01,300,0,0,188,0,0,197,0,2499,2222,0,2287,0,0,0,3,0,0,453,0,0,298,0,0,0,87,72,2110,0,107,0,6165,1470
1989-04-01,296,0,0,190,0,0,195,0,2467,2228,0,2282,0,0,0,3,0,0,449,0,0,292,0,0,0,84,75,2056,0,112,0,6503,1470
1989-05-01,291,0,0,193,0,0,193,0,2436,2226,0,2290,0,0,0,3,0,0,446,0,0,289,0,0,0,80,71,2023,0,115,0,6363,1470
1989-06-01,287,0,0,194,0,0,192,0,2406,2223,0,2293,0,0,0,3,0,0,442,0,0,292,0,0,0,77,67,2004,0,118,0,6555,1400
1989-07-01,284,0,0,193,0,0,189,0,2377,2222,0,2293,0,0,0,3,0,0,438,0,0,291,0,0,0,76,62,2008,0,113,0,6479,1390
1989-08-01,280,0,0,194,0,0,187,0,2373,2221,0,2276,0,0,0,3,0,0,434,0,0,286,0,0,0,75,67,1991,0,118,0,6489,1410
1989-09-01,276,0,0,197,0,0,185,0,2349,2220,0,2245,0,0,0,3,0,0,431,0,0,279,0,0,0,74,69,1969,0,123,0,6629,1380
1989-10-01,271,0,0,198,0,0,184,0,2376,2223,0,2220,0,0,0,3,0,0,428,0,0,274,0,0,0,75,80,1952,0,126,0,6603,1390
1989-11-01,270,0,0,199,0,0,183,0,2387,2221,0,2197,0,0,0,3,0,0,425,0,0,276,0,0,0,75,70,1938,0,127,0,6715,1400
1989-12-01,268,0,0,198,0,0,181,0,2394,2214,0,2170,0,0,0,3,0,0,422,0,0,284,0,0,0,76,71,1942,0,125,0,6658,1340
1990-01-01,265,0,0,198,0,0,180,0,2350,2201,0,2145,0,0,0,3,0,0,419,0,0,288,0,0,0,77,71,1943,0,129,0,6711,1390
1990-02-01,262,0,0,200,0,0,179,0,2335,2191,0,2122,0,0,0,3,0,0,417,0,0,283,0,0,0,78,66,1944,0,128,0,6677,1380
1990-03-01,259,0,0,200,0,0,175,0,2315,2181,0,2093,0,0,0,3,0,0,414,0,0,272,0,0,0,79,65,1936,0,125,0,6612,1280
1990-04-01,257,0,0,201,0,0,173,0,2321,2176,0,2083,0,0,0,3,0,0,412,0,0,262,0,0,0,78,65,1940,0,121,0,6805,1330
1990-05-01,256,0,0,202,0,0,172,0,2317,2166,0,2099,0,0,0,3,0,0,410,0,0,262,0,0,0,75,77,1932,0,124,0,6740,1330
1990-06-01,256,0,0,203,0,0,173,0,2296,2155,0,2104,0,0,0,3,0,0,408,0,0,271,0,0,0,74,67,1929,0,127,0,6588,1370
1990-07-01,255,0,0,206,0,0,173,0,2271,2152,0,2082,0,0,0,3,0,0,406,0,0,274,0,0,0,74,78,1944,0,126,0,6934,1330
1990-08-01,252,0,0,207,0,0,174,0,2274,2143,0,2062,0,0,0,3,0,0,404,0,0,277,0,0,0,78,78,1953,0,124,0,7206,1290
1990-09-01,249,0,0,208,0,0,175,0,2264,2135,0,2067,0,0,0,2,0,0,402,0,0,277,0,0,0,83,89,1965,0,120,0,7372,1360
1990-10-01,249,0,0,209,0,0,176,0,2274,2142,0,2059,0,0,0,3,0,0,401,0,0,273,0,0,0,89,93,1989,0,122,0,7489,1400
1990-11-01,251,0,0,210,0,0,178,0,2270,2136,0,2054,0,0,0,3,0,0,399,0,0,269,0,0,0,95,107,2039,0,123,0,7751,1310
1990-12-01,251,0,0,211,0,0,180,0,2275,2131,0,2055,0,0,0,3,0,0,398,0,0,263,0,0,0,101,104,2108,0,126,0,7871,1300
1991-01-01,251,0,0,212,2054,0,183,0,2249,2136,0,2053,0,0,0,3,0,0,397,0,0,255,0,0,0,109,102,2144,0,124,0,7959,1300
1991-02-01,251,0,0,214,2058,0,186,0,2248,2136,0,2041,0,0,0,2,0,0,397,0,0,247,0,0,0,119,116,2203,0,124,0,8289,1320
1991-03-01,252,0,0,217,2065,0,190,0,2245,2142,0,2027,0,0,0,2,0,0,396,0,0,240,0,0,0,129,121,2306,0,126,0,8589,1400
1991-04-01,253,0,0,220,2078,0,193,0,2251,2166,0,2016,0,0,0,2,0,0,395,0,0,237,0,0,0,139,126,2387,0,126,0,8445,1390
1991-05-01,254,0,0,222,2099,0,195,0,2265,2180,0,2001,0,0,0,3,0,0,394,0,0,243,0,0,0,151,123,2441,0,121,0,8728,1330
1991-06-01,256,0,0,225,2133,0,197,0,2289,2196,0,1990,0,0,0,3,0,0,393,0,0,250,0,0,0,163,128,2463,0,124,0,8699,1380
1991-07-01,256,0,0,227,2173,0,200,0,2330,2226,0,2000,0,0,0,3,0,0,392,0,0,256,0,0,0,176,145,2516,0,127,0,8591,1380
1991-08-01,256,0,0,229,2214,0,201,0,2359,2246,0,2005,0,0,0,3,0,0,391,0,0,259,0,0,0,190,156,2551,0,132,0,8685,1390
1991-09-01,256,0,0,231,2252,0,202,0,2378,2268,0,2017,0,0,0,3,0,0,391,0,0,258,0,0,0,202,160,2551,0,127,0,8721,1380
1991-10-01,260,0,0,233,2285,0,202,0,2389,2303,0,2031,0,0,0,3,0,0,390,0,0,257,0,0,0,209,170,2543,0,132,0,8887,1320
1991-11-01,264,0,0,235,2313,0,203,0,2383,2324,0,2062,0,0,0,3,0,0,389,0,0,250,0,0,0,219,174,2566,0,139,0,8928,1360
1991-12-01,267,0,0,236,2335,0,204,0,2392,2344,0,2037,0,0,0,3,0,0,389,0,0,240,0,0,0,231,189,2577,0,145,0,9195,1380
1992-01-01,269,0,0,236,2357,0,204,0,2398,2361,0,2042,0,0,0,3,0,0,388,0,0,233,0,0,0,242,197,2606,0,140,0,9205,1400
1992-02-01,271,0,0,237,2382,0,205,0,2418,2378,0,2063,0,0,0,3,0,0,388,0,0,233,0,0,0,247,207,2596,0,138,0,9461,1340
1992-03-01,274,0,0,238,2414,0,207,0,2458,2396,0,2061,0,0,0,3,0,0,389,0,0,235,0,0,0,252,220,2587,0,134,0,9456,1380
1992-04-01,279,0,0,240,2455,0,208,0,2505,2402,0,2046,0,0,0,3,0,0,391,0,0,238,0,0,0,261,225,2639,0,140,0,9416,1370
1992-05-01,283,0,0,242,2501,0,207,0,2528,2419,0,2034,0,0,0,3,0,0,393,0,0,240,0,0,0,275,245,2642,0,139,0,9761,1390
1992-06-01,286,0,0,242,2548,0,206,0,2556,2436,0,2037,0,0,0,3,0,0,395,0,0,242,0,0,0,291,245,2712,0,141,0,10063,1380
1992-07-01,289,0,0,244,2596,0,209,0,2590,2440,0,2078,0,0,0,4,0,0,399,0,0,244,0,0,0,305,264,2718,0,140,0,9853,1410
1992-08-01,290,0,0,249,2643,0,212,0,2627,2457,0,2095,0,0,0,4,0,0,402,0,0,247,0,0,0,316,271,2722,0,141,0,9795,1430
1992-09-01,292,0,0,253,2687,0,213,0,2687,2476,0,2104,0,0,0,4,0,0,407,0,0,250,0,0,0,324,276,2754,0,142,0,9778,1460
1992-10-01,297,0,0,257,2730,0,213,0,2763,2489,0,2047,0,0,0,4,0,0,412,0,0,250,0,0,0,332,281,2815,0,144,0,9448,1450
1992-11-01,304,0,0,261,2770,0,214,0,2833,2508,0,2048,0,0,0,4,0,0,417,0,0,255,0,0,0,338,290,2847,0,143,0,9583,1510
1992-12-01,311,0,0,266,2807,0,215,0,2905,2525,0,2066,0,0,0,4,0,0,424,0,0,261,0,0,0,343,301,2874,0,141,0,9586,1540
1993-01-01,317,0,228,273,2844,0,216,0,2963,2535,0,2065,0,0,0,4,0,0,431,0,0,268,0,0,0,351,336,2906,0,140,0,9226,1520
1993-02-01,323,0,227,275,2882,0,217,0,3023,2553,0,2104,0,0,0,4,0,0,439,0,0,276,0,0,0,362,336,2913,0,141,0,9183,1550
1993-03-01,330,0,222,277,2921,0,217,0,3098,2572,0,2152,0,0,0,4,0,0,445,0,0,288,0,0,0,375,353,2906,0,145,0,9065,1540
1993-04-01,336,0,220,281,2959,0,216,0,3120,2602,0,2243,0,0,0,4,0,0,450,0,0,299,0,0,0,387,383,2853,0,145,0,9100,1530
1993-05-01,342,0,228,281,2998,0,217,0,3151,2623,0,2265,0,0,0,4,0,0,456,0,0,303,0,0,0,399,382,2849,0,141,0,9157,1660
1993-06-01,349,0,218,282,3036,0,216,0,3242,2642,0,2275,0,0,0,4,0,0,460,0,0,307,0,0,0,409,436,2860,0,142,0,9138,1650
1993-07-01,357,0,224,275,3074,0,215,0,3304,2669,0,2278,0,0,0,5,0,0,465,0,0,312,0,0,0,417,433,2832,0,142,0,8925,1650
1993-08-01,365,0,219,270,3110,0,215,0,3319,2688,0,2287,0,0,0,5,0,0,469,0,0,315,0,0,0,425,418,2829,0,146,0,8773,1660
1993-09-01,372,0,207,267,3146,0,215,0,3350,2707,0,2307,0,0,0,5,0,0,473,0,0,318,0,0,0,430,426,2825,0,145,0,8714,1700
1993-10-01,378,0,218,261,3181,0,214,0,3385,2738,0,2391,0,0,0,5,0,0,477,0,0,326,0,0,0,433,434,2822,0,144,0,8790,1770
1993-11-01,385,0,207,254,3216,0,214,0,3405,2755,0,2396,0,0,0,5,0,0,479,0,0,332,0,0,0,434,429,2824,0,137,0,8566,1820
1993-12-01,392,0,218,246,3254,0,215,0,3439,2769,0,2411,0,0,0,5,0,0,481,0,0,341,0,0,0,433,430,2808,0,129,0,8534,1880
1994-01-01,397,0,211,238,3292,0,214,0,3480,2788,0,2374,0,0,0,5,0,0,482,0,0,352,0,0,0,433,435,2766,0,128,0,8615,1840
1994-02-01,401,0,216,232,3327,0,212,0,3480,2793,0,2381,0,0,0,5,0,0,484,0,0,356,0,0,0,406,429,2742,0,129,0,8566,1910
1994-03-01,404,0,216,226,3351,0,212,0,3471,2793,0,2392,0,0,0,6,0,0,488,0,0,362,0,0,0,411,418,2705,0,128,0,8478,1920
1994-04-01,407,0,224,220,3361,0,210,0,3482,2791,0,2406,0,0,0,6,0,0,494,0,0,368,0,0,0,417,407,2667,0,131,0,8307,1890
1994-05-01,409,0,207,216,3353,0,208,0,3477,2783,0,2416,0,0,0,6,0,0,501,0,0,373,0,0,0,423,402,2670,0,133,0,7962,1860
1994-06-01,409,0,231,212,3340,0,206,0,3477,2773,0,2429,0,0,0,6,0,0,508,0,0,376,0,0,0,424,424,2640,0,131,0,7920,1890
1994-07-01,409,0,220,209,3323,0,204,0,3456,2761,0,2355,0,0,0,5,0,0,516,0,0,378,0,0,0,418,413,2616,0,128,0,7907,1940
1994-08-01,409,0,225,206,3304,0,201,0,3455,2750,0,2363,0,0,0,5,0,0,525,0,0,377,0,0,0,409,412,2571,0,126,0,7975,1990
1994-09-01,409,0,233,204,3286,0,198,0,3449,2740,0,2372,0,0,0,5,0,0,535,0,0,381,0,0,0,400,397,2537,0,129,0,7745,1980
1994-10-01,408,0,224,201,3267,0,195,0,3430,2733,0,2525,0,0,0,5,0,0,546,0,0,384,0,0,0,392,399,2495,0,129,0,7639,2000
1994-11-01,407,0,216,199,3245,0,192,0,3421,2722,0,2534,0,0,0,5,0,0,558,0,0,386,0,0,0,385,398,2475,0,130,0,7366,1920
1994-12-01,406,0,226,197,3221,0,188,0,3409,2710,0,2546,0,0,0,5,0,0,571,0,0,385,0,0,0,379,397,2437,0,131,0,7233,1890
1995-01-01,406,376,212,194,3196,0,184,0,3367,2702,0,2556,0,0,0,5,380,7,585,152,2330,391,1401,65,311,374,400,2432,0,130,0,7335,1960
1995-02-01,405,367,216,192,3173,0,182,0,3338,2695,0,2563,0,0,0,5,382,7,598,148,2312,391,1328,65,305,369,389,2440,0,130,0,7169,1970
1995-03-01,404,358,220,189,3146,0,179,0,3283,2696,0,2576,0,0,0,5,385,7,607,148,2309,391,1305,65,301,365,383,2427,0,128,0,7161,2070
1995-04-01,403,349,212,189,3142,0,177,0,3232,2728,0,2516,0,0,0,5,389,7,615,152,2301,391,1283,66,298,364,389,2397,0,124,0,7619,2070
1995-05-01,402,342,211,188,3151,0,176,0,3222,2735,0,2522,0,0,0,5,389,7,621,155,2289,388,1282,65,296,366,383,2387,0,121,0,7474,2000
1995-06-01,402,338,221,188,3169,0,176,0,3248,2739,0,2529,0,0,0,5,386,7,625,159,2340,384,1271,65,293,370,385,2382,0,119,0,7417,2070
1995-07-01,404,337,210,187,3193,0,175,0,3274,2766,0,2539,0,0,0,5,389,7,627,161,2310,382,1258,66,289,372,382,2374,0,117,0,7502,2090
1995-08-01,406,335,208,188,3219,0,175,0,3301,2773,0,2542,0,0,0,5,392,7,628,163,2218,379,1234,67,287,373,386,2379,0,116,0,7530,2150
1995-09-01,409,332,201,187,3244,0,175,0,3317,2784,0,2547,0,0,0,5,394,7,628,166,2332,382,1203,67,285,373,386,2368,0,114,0,7500,2160
1995-10-01,412,328,196,186,3267,0,176,0,3296,2826,0,2529,0,0,0,5,398,7,627,169,2299,390,1167,67,282,375,397,2354,0,114,0,7333,2140
1995-11-01,414,325,197,186,3288,0,177,0,3292,2828,0,2532,0,0,0,5,399,7,623,171,2133,394,1125,68,280,379,399,2304,0,110,0,7411,2260
1995-12-01,414,324,188,186,3306,0,177,0,3259,2816,0,2537,0,0,0,5,397,7,617,173,2203,394,1084,68,276,381,400,2316,0,113,0,7427,2280
1996-01-01,417,325,188,186,3324,0,177,0,3253,2801,0,2515,0,0,0,5,409,7,610,176,2275,395,1047,67,273,378,389,2298,0,107,0,7493,2330
1996-02-01,416,323,189,187,3343,0,177,0,3231,2795,0,2517,0,0,0,5,404,8,604,180,2296,395,1024,67,273,375,411,2281,0,112,0,7293,2230
1996-03-01,412,320,194,189,3363,0,176,0,3220,2811,0,2521,0,0,0,5,401,8,597,181,2298,398,987,66,272,343,406,2287,0,111,0,7318,2160
1996-04-01,410,317,194,188,3387,0,176,0,3204,2856,0,2593,0,0,0,5,398,8,591,180,2303,403,945,65,270,348,420,2270,0,111,0,7388,2250
1996-05-01,406,314,202,183,3414,0,176,0,3207,2877,0,2595,0,0,0,5,397,8,585,179,2299,402,878,65,268,356,422,2270,0,108,0,7489,2300
1996-06-01,400,313,204,181,3445,0,175,0,3242,2882,0,2596,0,0,0,5,398,8,578,178,2270,398,844,65,268,365,427,2243,0,105,0,7081,2280
1996-07-01,396,319,197,182,3479,0,175,0,3232,2872,0,2543,0,0,0,5,394,8,572,177,2240,393,798,63,268,371,423,2222,0,107,0,7312,2280
1996-08-01,396,325,207,177,3513,0,175,0,3184,2865,0,2544,0,0,0,5,388,8,565,176,2222,391,779,63,268,373,442,2217,0,107,0,6918,2210
1996-09-01,393,331,207,170,3548,0,173,0,3189,2859,0,2547,0,0,0,5,384,8,559,175,2193,388,745,64,268,370,434,2202,0,105,0,7011,2220
1996-10-01,389,343,199,166,3583,0,170,0,3158,2851,0,2561,0,0,0,5,378,8,552,173,2161,387,715,64,268,365,436,2177,0,103,0,7020,2290
1996-11-01,387,357,211,163,3619,0,167,0,3128,2851,0,2562,0,0,0,5,374,9,545,172,2132,386,685,64,268,361,439,2156,0,105,0,7200,2210
1996-12-01,387,367,221,159,3656,0,165,0,3096,2854,0,2567,0,0,0,5,372,9,539,172,2096,385,665,64,269,338,451,2102,0,104,0,7235,2270
1997-01-01,385,375,217,157,3693,0,163,0,3055,2863,0,2577,0,0,0,5,360,9,532,173,2022,389,666,64,271,335,442,2057,0,103,0,7173,2260
1997-02-01,384,383,219,154,3725,0,161,0,3042,2864,0,2581,0,0,0,5,361,9,526,174,1969,390,684,64,274,331,463,2023,0,91,0,7098,2300
1997-03-01,385,399,218,150,3750,0,160,0,3020,2860,0,2583,0,0,0,4,359,9,519,174,1927,382,705,64,275,329,463,1996,0,90,0,7007,2210
1997-04-01,385,422,227,148,3767,0,158,0,3027,2872,0,2623,0,0,0,4,357,10,512,174,1886,374,706,64,277,328,452,1983,0,93,0,6868,2190
1997-05-01,386,438,238,148,3776,0,156,0,3039,2863,0,2623,0,0,0,5,356,10,504,175,1861,367,708,65,278,323,451,1976,0,97,0,6698,2320
1997-06-01,389,441,247,147,3780,0,154,0,3072,2853,0,2626,0,0,0,5,357,10,496,176,1852,366,710,66,276,317,465,1991,0,94,0,6792,2280
1997-07-01,392,440,250,147,3781,0,151,0,3039,2863,0,2529,0,0,0,5,357,10,489,178,1838,378,722,67,275,311,446,1941,0,92,0,6624,2300
1997-08-01,393,438,256,146,3780,0,149,0,2996,2854,0,2530,0,0,0,5,357,10,481,180,1816,379,712,68,279,306,425,1894,0,87,0,6640,2290
1997-09-01,394,433,261,144,3777,0,147,0,3004,2846,0,2532,0,0,0,5,357,10,473,181,1790,377,724,69,284,303,419,1852,0,85,0,6688,2340
1997-10-01,395,423,266,145,3776,0,145,0,2966,2853,0,2600,0,0,0,5,357,10,465,182,1761,370,739,69,288,301,413,1837,0,80,0,6430,2370
1997-11-01,395,412,282,144,3778,0,142,0,2926,2842,0,2598,0,0,0,5,359,10,457,183,1738,361,756,69,287,300,403,1810,0,80,0,6270,2390
1997-12-01,397,404,290,144,3782,0,140,0,2895,2828,0,2600,0,0,0,5,361,10,449,184,1717,353,766,70,285,297,387,1763,0,78,0,6440,2400
1998-01-01,399,401,294,144,3785,0,137,0,2816,2841,0,2569,0,0,235,5,361,10,440,186,1694,356,749,71,298,294,388,1751,0,77,0,6398,2430
1998-02-01,400,400,298,137,3783,0,134,0,2763,2826,0,2569,0,0,236,5,361,10,433,187,1681,340,730,71,302,293,389,1760,0,75,0,6311,2470
1998-03-01,403,391,305,138,3773,0,131,0,2752,2814,0,2569,0,0,235,5,361,10,425,186,1673,329,708,72,303,291,370,1751,0,76,0,6422,2610
1998-04-01,403,373,308,137,3756,0,128,489,2742,2833,0,2674,0,164,234,5,358,10,417,184,1675,315,707,73,304,291,381,1741,0,80,0,5981,2740
1998-05-01,402,361,310,138,3733,0,126,492,2753,2824,0,2672,0,166,231,5,357,10,409,182,1684,300,723,73,305,292,391,1736,0,77,0,6054,2780
1998-06-01,399,353,325,135,3706,0,124,491,2783,2816,0,2669,0,166,227,5,355,10,401,180,1698,310,716,73,311,292,358,1735,0,76,0,6215,2800
1998-07-01,399,346,344,138,3677,0,122,499,2759,2823,0,2633,0,163,220,5,352,10,394,178,1714,305,719,72,320,290,366,1744,0,73,0,6220,2780
1998-08-01,403,340,345,138,3647,0,119,506,2744,2818,0,2630,0,160,217,5,346,10,387,176,1734,295,712,72,323,285,358,1737,0,70,0,6213,2960
1998-09-01,405,338,360,137,3617,0,117,505,2721,2817,0,2628,0,158,217,5,340,10,380,173,1763,287,722,72,328,278,334,1734,0,65,0,6335,2930
1998-10-01,398,340,386,136,3588,0,115,503,2682,2831,0,2678,0,156,220,5,334,10,374,171,1803,281,720,71,326,273,327,1720,0,63,0,6271,2950
1998-11-01,393,347,381,136,3561,0,112,519,2632,2835,0,2673,0,155,223,5,327,10,367,167,1843,294,737,71,329,272,336,1713,0,67,0,6048,3050
1998-12-01,393,354,380,138,3534,0,110,516,2583,2842,0,2670,0,155,226,4,315,10,362,164,1880,287,738,72,340,273,328,1730,0,64,0,5949,3010
1999-01-01,389,357,417,141,3507,0,108,519,2486,2852,0,2593,0,156,230,4,293,10,356,161,1954,284,762,70,356,272,324,1731,0,63,0,5990,3060
1999-02-01,392,361,420,142,3479,0,105,524,2400,2857,0,2589,0,156,232,4,292,10,352,160,2047,286,764,68,371,269,312,1725,0,62,0,6074,3140
1999-03-01,396,364,436,142,3451,0,105,524,2343,2858,0,2585,0,156,234,4,288,10,347,160,2116,288,779,68,386,266,313,1728,0,67,0,5789,3190
1999-04-01,396,368,447,143,3423,0,105,550,2295,2863,0,2598,0,155,232,4,286,11,343,160,2171,298,775,72,393,264,308,1727,0,67,0,6063,3210
1999-05-01,394,376,454,141,3396,0,105,549,2273,2850,0,2591,0,155,236,4,283,11,339,159,2218,299,788,72,402,263,296,1720,0,67,0,5812,3170
1999-06-01,381,385,443,140,3371,0,102,547,2293,2828,0,2585,0,156,242,4,279,11,334,157,2265,291,806,73,414,262,299,1707,0,66,0,5965,3240
1999-07-01,363,396,450,142,3348,0,99,549,2287,2807,0,2567,0,157,253,4,276,11,331,153,2320,283,832,72,420,260,296,1695,0,68,0,5984,3280
1999-08-01,359,412,472,151,3327,0,96,551,2294,2773,0,2561,0,159,260,4,275,11,328,151,2382,275,858,72,428,258,297,1683,0,71,0,5853,3210
1999-09-01,345,432,481,148,3305,0,98,550,2289,2738,0,2557,0,160,266,4,274,11,325,150,2443,272,862,72,435,257,294,1642,0,79,0,5938,3150
1999-10-01,339,448,482,149,3282,0,99,562,2266,2717,0,2507,0,162,268,4,274,11,322,150,2495,261,878,71,446,258,284,1656,0,81,0,5779,3130
1999-11-01,334,460,472,149,3257,0,97,566,2263,2679,0,2502,0,162,269,4,272,11,319,153,2547,266,870,70,458,260,280,1646,0,80,0,5697,3090
1999-12-01,328,469,476,149,3232,0,95,565,2237,2640,0,2495,0,162,268,4,271,11,316,158,2603,272,872,68,464,260,280,1669,0,80,0,5611,3140
2000-01-01,319,479,483,143,3206,0,92,525,2214,2624,263,2486,14,160,264,4,269,11,313,162,2664,280,855,65,464,261,277,1635,0,80,0,5717,3180
2000-02-01,310,496,478,131,3183,101,89,529,2160,2586,266,2479,15,159,265,4,268,11,310,162,2734,271,856,64,471,264,271,1633,0,81,0,5830,3290
2000-03-01,302,517,473,126,3162,95,88,529,2120,2550,271,2473,15,158,267,4,266,11,307,157,2786,261,844,65,476,264,264,1622,0,79,0,5735,3270
2000-04-01,304,534,471,125,3145,97,89,529,2090,2532,277,2423,17,158,272,4,264,10,303,145,2800,259,862,67,480,259,265,1615,0,76,0,5540,3240
2000-05-01,302,546,460,127,3129,94,87,527,2082,2501,282,2413,17,158,276,4,261,10,299,138,2808,262,876,69,490,253,253,1577,0,70,0,5766,3130
2000-06-01,299,559,444,124,3116,95,86,525,2092,2473,285,2404,15,158,279,4,257,10,294,137,2780,258,887,69,495,249,262,1530,0,70,0,5653,3160
2000-07-01,299,576,449,118,3104,95,84,520,2103,2453,289,2368,14,158,281,4,254,10,290,142,2759,261,892,68,505,247,253,1518,0,74,0,5717,3150
2000-08-01,310,591,444,115,3092,98,81,519,2092,2430,293,2360,15,158,281,4,251,10,285,145,2747,266,892,66,472,248,248,1524,0,77,0,5873,3120
2000-09-01,303,600,441,113,3081,98,78,517,2079,2407,296,2351,15,158,278,4,248,10,280,146,2766,266,901,64,473,249,238,1528,0,77,0,5628,3160
2000-10-01,299,608,438,113,3068,98,75,489,2073,2395,298,2285,15,159,273,4,245,10,276,146,2803,259,895,61,479,247,237,1504,0,75,0,5540,3170
2000-11-01,291,614,438,116,3052,99,73,491,2046,2377,301,2283,15,158,273,4,243,10,270,144,2851,246,892,60,487,244,237,1481,0,77,0,5620,3240
2000-12-01,278,621,427,118,3034,98,74,490,1992,2360,297,2278,14,157,276,4,239,11,266,141,2908,251,875,60,491,241,226,1467,0,80,0,5597,3240
2001-01-01,266,632,433,122,3017,99,75,480,1920,2347,294,2232,13,155,287,4,236,11,260,138,2970,254,863,59,500,241,275,1461,0,80,0,6029,3260
2001-02-01,261,644,428,125,3004,94,74,481,1911,2334,293,2226,12,152,287,3,233,11,257,138,3013,265,845,58,498,240,271,1432,0,79,0,6061,3190
2001-03-01,265,657,416,125,2998,96,74,481,1884,2322,290,2219,12,149,285,3,231,12,253,142,3071,268,828,59,500,239,264,1403,0,76,0,6139,3220
2001-04-01,281,685,420,123,3003,97,74,489,1854,2306,287,2173,13,146,283,3,230,12,251,149,3139,271,820,58,507,239,262,1375,0,75,0,6336,3270
2001-05-01,287,689,418,122,3015,92,75,488,1897,2300,284,2163,14,145,283,3,229,12,249,154,3190,272,819,57,506,238,264,1412,0,76,0,6237,3330
2001-06-01,278,686,416,125,3032,87,78,488,1881,2298,282,2152,14,144,283,4,228,12,247,156,3205,273,814,57,506,237,263,1451,0,80,0,6491,3350
2001-07-01,266,684,413,129,3052,89,82,486,1889,2280,281,2158,12,145,282,4,228,12,247,154,3190,274,812,58,504,238,271,1471,0,80,0,6564,3380
2001-08-01,271,680,428,135,3076,85,85,485,1911,2284,280,2149,12,145,282,4,226,13,248,154,3194,270,816,59,506,238,271,1468,0,81,0,7058,3410
2001-09-01,288,670,419,136,3101,86,85,484,1896,2290,279,2143,12,146,281,4,225,12,249,156,3211,269,825,62,507,239,268,1459,0,84,0,7135,3540
2001-10-01,315,660,399,138,3125,77,84,496,1905,2277,278,2119,13,152,289,4,225,12,252,160,3243,270,824,63,510,239,286,1469,0,87,0,7721,3540
2001-11-01,320,665,408,138,3148,80,85,496,1932,2281,276,2114,13,151,285,4,224,13,255,164,3278,271,845,66,507,239,267,1491,0,84,0,7983,3640
2001-12-01,325,663,403,135,3169,77,84,495,1975,2279,279,2107,12,145,281,4,224,13,259,168,3300,271,877,67,499,238,271,1496,0,86,0,8206,3660
2002-01-01,322,654,381,130,3188,77,85,492,2054,2243,282,2047,11,136,275,4,225,12,264,171,3321,281,908,66,493,237,270,1467,0,85,0,8209,3510
2002-02-01,321,655,389,125,3209,77,87,492,2150,2240,283,2041,10,133,264,4,226,12,269,172,3328,280,911,65,489,236,269,1478,0,90,0,8209,3570
2002-03-01,321,644,377,122,3232,76,90,491,2105,2242,282,2035,10,138,249,4,227,12,275,169,3352,289,922,63,485,236,271,1506,0,89,0,8314,3580
2002-04-01,317,636,363,123,3258,71,89,479,2113,2237,281,2122,11,149,229,4,226,11,282,162,3403,295,918,61,485,237,275,1528,0,90,0,8614,3530
2002-05-01,318,630,378,126,3292,69,90,479,2115,2245,279,2113,12,152,215,5,227,11,289,159,3390,312,911,61,488,238,268,1504,0,87,0,8462,3610
2002-06-01,319,622,368,129,3332,74,89,478,2153,2256,279,2105,11,146,208,5,228,11,295,160,3458,324,905,59,485,238,261,1497,0,82,0,8399,3640
2002-07-01,328,619,365,136,3379,75,86,478,2218,2277,277,2072,11,128,208,5,229,10,303,164,3485,334,899,59,484,239,280,1515,0,82,0,8367,3580
2002-08-01,328,614,380,142,3428,75,86,478,2241,2287,275,2065,11,123,209,5,230,10,310,167,3497,332,881,60,483,239,273,1535,0,85,0,8307,3680
2002-09-01,336,608,371,142,3477,76,91,477,2233,2293,271,2058,12,125,210,5,233,11,318,169,3499,349,845,60,481,238,286,1521,0,88,0,8219,3620
2002-10-01,346,594,371,139,3527,80,100,468,2217,2284,266,2035,13,133,211,6,233,11,328,169,3483,368,800,59,482,236,278,1510,0,89,0,8326,3610
2002-11-01,354,561,384,136,3579,77,105,468,2221,2308,262,2029,13,137,209,6,235,11,335,169,3449,380,766,60,481,234,287,1494,0,90,0,8503,3490
2002-12-01,357,524,375,133,3635,78,104,468,2241,2354,259,2022,13,135,206,6,234,11,344,171,3399,382,752,61,478,233,292,1471,0,90,0,8623,3600
2003-01-01,358,514,374,137,3692,75,98,460,2276,2277,256,2116,12,127,202,6,235,11,348,172,3334,386,749,62,469,233,299,1486,6,94,0,8508,3620
2003-02-01,357,488,380,143,3744,74,94,457,2275,2276,254,2108,12,122,202,6,236,11,356,175,3294,388,764,64,463,233,280,1502,6,94,0,8622,3500
2003-03-01,356,479,386,147,3785,74,92,456,2272,2286,254,2099,13,122,207,7,238,11,368,178,3272,390,778,65,458,235,295,1484,6,96,0,8572,3620
2003-04-01,357,471,390,153,3813,72,93,458,2236,2308,255,2051,15,123,214,7,239,11,380,184,3265,395,773,65,451,238,295,1458,6,99,0,8849,3640
2003-05-01,356,469,395,160,3829,75,93,457,2217,2309,253,2067,15,127,218,7,240,12,388,189,3279,402,766,65,448,239,292,1436,5,99,0,8988,3630
2003-06-01,356,462,391,161,3836,74,96,458,2263,2324,255,2075,14,133,215,7,239,12,394,190,3305,403,756,64,448,238,297,1483,5,102,0,9280,3610
2003-07-01,358,450,412,155,3838,71,99,458,2284,2328,255,2034,14,138,209,7,238,13,403,188,3339,395,752,64,451,234,300,1481,5,101,0,8991,3480
2003-08-01,356,440,400,155,3837,69,100,458,2288,2319,253,2037,14,139,203,8,238,13,408,187,3348,392,755,65,457,232,318,1476,5,105,0,8900,3380
2003-09-01,362,429,408,158,3836,61,99,460,2281,2367,253,2036,15,133,199,8,238,13,413,188,3333,397,754,65,452,231,305,1449,5,104,0,8918,3440
2003-10-01,370,417,419,163,3836,63,94,468,2270,2398,255,1995,16,122,195,8,237,13,422,191,3313,404,775,64,456,231,320,1442,5,103,0,8758,3380
2003-11-01,375,417,413,166,3837,64,94,469,2260,2415,258,1993,15,117,193,8,237,13,430,196,3308,402,814,64,463,232,339,1436,5,103,0,8588,3410
2003-12-01,384,416,419,168,3842,72,96,470,2287,2446,258,1991,15,119,189,9,237,12,439,202,3330,391,825,64,478,233,328,1418,5,104,0,8315,3270
2004-01-01,391,419,441,166,3850,72,103,541,2279,2436,258,2005,14,127,186,9,240,12,443,218,3366,381,842,64,486,233,327,1393,5,99,0,8356,3260
2004-02-01,388,420,439,163,3967,67,104,531,2252,2445,258,1949,13,131,183,9,241,12,445,216,3348,387,740,64,492,233,353,1395,5,99,0,8222,3290
2004-03-01,375,422,416,159,4030,65,103,528,2235,2447,259,1994,14,130,179,10,242,11,455,218,3321,387,765,65,494,233,349,1401,5,97,0,8464,3170
2004-04-01,346,421,434,158,4041,64,97,521,2272,2438,258,1952,16,125,176,10,241,11,471,218,3257,395,836,64,497,234,335,1403,5,100,0,8175,3200
2004-05-01,342,415,435,155,4053,67,94,519,2258,2438,257,1976,16,124,173,10,246,11,476,210,3226,411,766,63,492,233,356,1403,5,101,0,8218,3100
2004-06-01,359,406,418,159,4068,64,92,515,2272,2437,256,1903,16,123,172,10,250,12,478,199,3212,419,814,63,483,231,345,1398,5,102,0,8290,3110
2004-07-01,391,391,418,163,4086,65,91,515,2243,2437,254,1906,16,126,172,10,251,12,467,201,3180,415,787,61,476,229,336,1379,5,102,0,8150,3240
2004-08-01,409,385,429,163,4110,70,91,513,2248,2444,254,1863,16,128,171,10,256,12,464,213,3150,428,824,63,472,227,339,1371,5,106,0,7986,3180
2004-09-01,409,385,425,163,4139,68,94,511,2225,2457,254,1922,18,130,170,10,258,12,465,223,3130,431,788,63,470,224,366,1378,5,105,0,7934,3070
2004-10-01,387,395,435,158,4173,68,97,510,2198,2477,253,1927,18,133,170,10,265,11,472,219,3125,433,800,63,467,223,332,1396,5,105,0,8032,3030
2004-11-01,373,393,425,154,4209,63,97,511,2184,2488,252,1963,19,132,167,10,267,11,473,214,3099,433,788,62,463,225,351,1407,5,104,0,7933,2980
2004-12-01,372,384,409,154,4247,63,97,507,2143,2469,251,1882,19,129,162,10,271,11,486,213,3080,441,789,64,459,227,350,1417,5,105,0,7919,2960
2005-01-01,381,368,423,153,4285,61,92,500,2104,2433,251,1879,18,122,155,10,277,11,488,212,3034,445,775,65,451,227,327,1421,5,106,1981,7768,2960
2005-02-01,392,357,419,151,4340,62,91,494,2062,2420,250,1922,18,119,150,10,283,11,499,212,3041,449,793,66,445,225,365,1394,5,106,1970,8037,3050
2005-03-01,396,350,413,151,4379,58,95,496,2046,2432,249,1902,19,115,147,9,290,12,499,215,3071,454,787,65,442,222,339,1385,5,109,2001,7697,2980
2005-04-01,388,344,413,150,4480,56,101,494,2042,2461,247,1912,20,111,146,10,300,12,499,223,3075,462,706,62,435,220,354,1411,4,110,2043,7675,2970
2005-05-01,395,338,403,145,4497,53,105,494,1983,2483,245,1836,21,109,142,9,303,12,500,229,3087,462,720,60,431,219,373,1409,4,110,2104,7611,3000
2005-06-01,390,332,409,143,4505,53,104,495,1924,2486,244,1896,21,109,135,9,303,11,491,231,3090,469,700,60,425,217,386,1392,4,110,2093,7494,2830
2005-07-01,392,326,401,143,4505,52,103,498,1853,2485,240,1827,19,108,126,9,307,11,490,226,3074,482,661,63,418,216,378,1385,4,114,2067,7459,2950
2005-08-01,390,325,406,136,4490,51,101,501,1809,2487,237,1823,19,108,119,9,311,10,485,224,3045,482,647,66,417,215,370,1398,4,112,2041,7345,2860
2005-09-01,395,327,407,131,4455,52,99,501,1790,2505,236,1883,19,106,115,9,312,11,484,226,3021,488,632,70,421,214,348,1477,4,109,2073,7594,2800
2005-10-01,390,333,405,124,4407,51,97,495,1827,2528,233,1893,19,101,112,9,310,11,484,232,2975,487,682,72,419,214,376,1529,4,107,2100,7402,2940
2005-11-01,390,329,405,121,4354,48,98,481,1864,2538,233,1836,19,96,110,9,314,11,479,229,2898,487,669,73,412,214,341,1552,5,107,2131,7582,3000
2005-12-01,391,324,401,119,4306,46,100,476,1886,2545,230,1832,19,93,106,10,313,12,476,227,2795,476,656,71,405,214,367,1541,5,104,2110,7269,2900
2006-01-01,389,316,412,119,4270,45,103,469,1897,2547,228,1778,20,92,103,9,316,12,459,228,2654,470,687,68,394,212,376,1551,5,98,2077,7054,2940
2006-02-01,394,309,392,122,4243,42,104,472,1889,2549,225,1783,19,90,98,9,311,12,455,231,2546,465,725,66,384,210,336,1574,5,95,2068,7227,2740
2006-03-01,397,305,403,121,4214,44,104,460,1892,2544,223,1744,18,87,94,10,311,12,444,229,2484,468,690,65,375,208,353,1611,5,92,2012,7035,2760
2006-04-01,403,308,373,121,4173,42,104,457,1870,2532,221,1716,17,80,90,9,308,12,432,214,2432,466,711,65,369,207,369,1645,5,89,2018,7112,2720
2006-05-01,406,312,377,119,4123,44,104,449,1847,2510,218,1702,17,76,88,9,311,11,430,205,2379,468,711,63,360,205,339,1662,5,90,1918,6935,2710
2006-06-01,394,318,381,116,4072,43,107,443,1823,2505,215,1625,17,73,87,9,317,11,413,212,2324,466,691,62,352,204,333,1662,5,86,1959,6982,2830
2006-07-01,370,323,363,112,4035,41,111,436,1810,2507,210,1592,15,72,89,9,320,11,411,211,2288,473,755,60,347,203,334,1663,5,85,1955,7222,2740
2006-08-01,359,322,365,109,4008,40,114,433,1809,2496,209,1623,15,71,88,9,321,11,402,200,2251,472,725,58,342,201,335,1663,5,81,1986,7100,2740
2006-09-01,366,313,366,106,3979,39,110,429,1790,2448,212,1621,16,71,85,10,322,10,398,199,2199,492,749,57,335,199,318,1662,5,76,1937,6887,2740
2006-10-01,370,299,344,104,3940,40,105,425,1806,2411,212,1614,17,72,79,10,326,10,397,199,2136,500,712,55,330,197,317,1644,5,71,1917,6667,2730
2006-11-01,375,295,343,106,3884,38,103,445,1823,2379,208,1594,16,72,76,10,324,10,396,200,2053,500,712,56,324,195,316,1665,5,69,1936,6877,2660
2006-12-01,371,288,334,112,3815,35,107,443,1829,2378,204,1505,17,73,75,10,315,11,388,203,1964,497,721,55,315,193,308,1671,5,71,1995,6770,2660
2007-01-01,369,275,314,121,3737,35,111,439,1832,2396,200,1507,17,75,64,9,303,12,382,205,1855,500,659,55,306,191,317,1689,5,69,1965,7110,2670
2007-02-01,368,265,299,115,3659,34,114,437,1810,2390,197,1456,16,75,67,9,304,12,380,201,1768,504,686,54,298,189,299,1689,5,67,2004,6944,2700
2007-03-01,372,254,292,108,3595,34,115,439,1797,2361,193,1458,15,73,67,9,306,12,364,202,1692,501,658,52,293,186,310,1682,5,65,1982,6720,2690
2007-04-01,387,246,295,103,3548,34,117,429,1786,2320,191,1410,15,70,67,9,306,11,356,210,1643,507,675,51,293,184,295,1650,5,63,2044,6854,2590
2007-05-01,384,243,285,104,3511,34,116,414,1771,2290,189,1474,15,68,66,9,302,11,355,214,1598,501,651,49,294,183,286,1631,5,61,2039,6735,2530
2007-06-01,362,243,272,107,3481,32,116,413,1796,2260,189,1448,14,67,65,9,303,10,349,207,1564,496,656,49,297,183,297,1611,5,63,2050,6932,2440
2007-07-01,343,245,280,115,3457,29,114,412,1813,2274,198,1548,16,68,65,9,310,10,358,208,1548,497,628,49,301,183,282,1618,5,64,2031,7187,2400
2007-08-01,330,242,264,115,3437,28,114,413,1856,2258,197,1498,17,67,64,9,310,11,349,207,1530,497,612,47,302,184,293,1621,5,63,2048,7080,2470
2007-09-01,323,236,255,119,3414,27,115,413,1864,2220,186,1497,16,65,63,9,316,11,347,198,1502,484,609,47,297,183,296,1602,4,62,2072,7203,2600
2007-10-01,331,228,265,107,3382,27,119,412,1889,2165,182,1501,16,62,61,9,322,10,343,192,1466,486,583,48,287,181,304,1583,4,61,2104,7177,2640
2007-11-01,336,218,248,106,3338,28,123,396,1940,2120,181,1539,14,61,61,9,333,10,339,187,1424,484,581,48,280,178,291,1551,5,63,2084,7264,2550
2007-12-01,341,218,243,96,3284,28,124,397,2000,2095,179,1616,15,64,62,9,340,10,334,177,1371,474,574,49,277,176,291,1561,5,63,2059,7668,2510
2008-01-01,340,222,244,93,3228,30,125,390,2081,2088,176,1622,15,71,63,9,327,10,331,176,1299,467,570,50,275,174,291,1576,5,63,2068,7674,2610
2008-02-01,333,221,239,92,3178,30,125,395,2137,2066,173,1642,15,74,63,9,317,10,314,179,1237,460,567,48,271,172,285,1584,5,63,2139,7504,2680
2008-03-01,319,215,222,94,3136,30,130,407,2168,2070,170,1591,15,74,62,9,312,10,312,169,1199,467,566,47,268,170,283,1625,5,61,2121,7823,2580
2008-04-01,309,213,236,96,3099,31,132,397,2300,2077,168,1683,14,72,61,10,316,10,318,159,1193,463,539,45,269,170,274,1599,5,62,2091,7648,2630
2008-05-01,305,210,224,101,3061,26,139,364,2404,2077,167,1677,14,74,64,10,320,10,320,157,1182,469,565,45,269,170,283,1651,5,67,2106,8352,2650
2008-06-01,326,205,228,107,3013,29,149,373,2498,2097,166,1692,14,76,73,10,318,10,319,159,1157,478,554,45,261,170,325,1693,5,71,2194,8532,2680
2008-07-01,360,200,226,109,2956,36,163,377,2558,2113,163,1631,14,80,86,11,318,10,315,161,1130,473,543,45,249,171,303,1774,6,72,2281,8968,2630
2008-08-01,368,194,221,114,2904,44,175,382,2650,2139,162,1663,14,87,98,11,327,10,310,166,1115,485,529,45,240,173,289,1816,6,74,2256,9456,2710
2008-09-01,354,188,225,113,2871,48,182,382,2776,2154,163,1677,15,96,108,11,330,10,316,167,1100,483,529,44,235,175,314,1850,7,75,2352,9535,2640
2008-10-01,329,182,224,115,2866,49,190,386,2987,2177,161,1709,15,110,117,11,335,10,314,170,1097,480,558,44,233,178,310,1917,7,77,2456,10038,2530
2008-11-01,317,180,235,126,2887,53,199,397,3204,2231,160,1725,14,120,128,11,343,11,315,186,1125,481,532,44,235,180,343,1975,8,79,2682,10546,2670
2008-12-01,328,191,247,139,2929,65,211,417,3443,2297,161,1665,15,129,138,12,349,10,321,198,1160,500,564,44,241,184,334,2033,9,79,2786,11297,2930
2009-01-01,357,200,279,143,2982,72,234,455,3692,2376,162,1778,15,141,150,12,369,11,326,195,1229,515,571,47,254,189,334,2112,10,82,2925,12039,2870
2009-02-01,376,211,295,151,3031,76,253,454,3911,2458,166,1787,16,156,164,12,387,11,334,192,1281,525,612,51,269,196,378,2218,11,79,3029,12858,3050
2009-03-01,386,220,309,160,3074,82,269,455,4081,2530,170,1867,18,169,178,12,401,11,342,209,1319,540,587,54,283,203,382,2282,12,81,3186,13410,3240
2009-04-01,378,221,327,172,3112,86,283,462,4149,2587,175,1824,21,180,193,12,404,12,361,221,1317,553,586,57,292,210,383,2386,12,83,3273,13842,3300
2009-05-01,370,224,342,190,3147,89,293,465,4176,2626,179,1808,22,191,206,12,405,12,367,221,1321,565,603,60,301,215,438,2431,13,86,3260,14493,3410
2009-06-01,376,231,347,185,3174,91,296,475,4153,2626,180,1872,23,200,215,12,412,12,374,229,1342,577,602,64,312,219,414,2451,12,85,3170,14749,3450
2009-07-01,380,240,364,186,3186,97,299,488,4165,2623,181,1926,22,207,221,12,424,12,391,237,1380,590,644,67,326,221,407,2434,12,86,3117,14620,3630
2009-08-01,383,249,391,199,3176,100,303,492,4215,2643,182,1942,22,210,227,12,438,12,398,240,1398,600,644,67,339,223,428,2423,12,84,3163,14876,3580
2009-09-01,381,258,391,212,3149,98,313,506,4280,2676,187,2002,24,211,234,11,440,12,408,241,1407,607,668,67,353,224,431,2435,12,84,3109,15046,3560
2009-10-01,379,265,381,219,3112,104,314,513,4317,2737,190,2005,26,215,241,11,448,12,412,239,1411,608,652,67,365,227,427,2429,13,88,3033,15382,3420
2009-11-01,386,278,404,208,3074,107,315,530,4332,2754,193,2002,27,219,247,11,443,12,423,232,1443,603,660,67,376,229,427,2430,13,90,2948,15201,3470
2009-12-01,403,291,397,207,3042,118,314,536,4384,2740,195,2052,27,221,252,11,449,13,434,225,1506,607,654,66,383,230,443,2412,13,94,2903,15055,3420
2010-01-01,420,313,404,210,3016,127,312,556,4449,2680,200,2060,27,219,251,11,459,12,444,218,1670,607,668,69,397,231,446,2476,13,93,2964,14987,3350
2010-02-01,421,325,414,222,2991,133,310,574,4493,2696,205,2099,27,217,265,11,473,12,443,213,1685,620,665,70,400,229,438,2501,13,100,2926,15061,3310
2010-03-01,417,331,406,226,2957,135,312,586,4555,2700,210,2058,27,217,269,11,479,12,440,210,1683,623,686,72,399,227,435,2492,13,99,2950,15192,3390
2010-04-01,410,338,383,227,2909,131,320,600,4639,2694,215,2119,27,216,274,10,475,12,432,214,1662,640,633,76,395,226,459,2475,13,100,2828,15316,3370
2010-05-01,406,342,387,223,2856,124,326,616,4673,2691,220,2094,26,213,277,10,475,11,434,210,1654,649,649,77,391,225,433,2447,13,100,2760,14888,3390
2010-06-01,409,345,376,224,2806,116,324,628,4696,2672,225,2053,27,210,278,10,471,11,434,197,1646,666,638,77,390,225,407,2441,13,100,2676,14548,3420
2010-07-01,413,345,380,222,2769,107,322,638,4655,2663,225,2028,26,205,278,10,471,12,438,198,1632,664,655,76,387,224,434,2415,13,98,2625,14490,3310
2010-08-01,409,353,376,223,2746,105,324,648,4686,2683,229,1996,26,203,276,10,466,12,437,206,1625,662,661,76,382,222,415,2408,13,95,2712,14694,3340
2010-09-01,406,368,366,225,2729,103,336,670,4694,2677,235,2012,25,200,274,10,467,12,433,204,1638,656,642,76,381,218,418,2445,13,96,2682,14571,3390
2010-10-01,397,381,372,226,2712,100,346,695,4695,2658,240,2073,25,195,272,11,464,12,429,195,1642,646,642,78,375,216,411,2467,13,94,2645,14612,3360
2010-11-01,386,391,363,227,2687,93,350,711,4713,2656,243,2011,25,190,268,11,463,12,431,186,1629,656,664,80,370,215,396,2470,13,97,2528,15082,3320
2010-12-01,374,392,369,230,2650,98,351,731,4753,2652,246,1986,26,183,264,11,466,12,433,190,1622,653,631,81,369,215,400,2495,14,92,2518,14332,3220
2011-01-01,353,387,363,228,2599,101,342,748,4767,2644,248,1974,28,176,260,11,472,12,430,205,1605,654,658,81,367,215,400,2464,14,89,2500,13954,3200
2011-02-01,340,378,361,228,2544,97,336,767,4789,2641,250,1942,29,173,253,11,473,12,425,210,1596,654,631,81,366,214,388,2452,14,83,2424,13798,3110
2011-03-01,334,370,360,221,2493,96,333,796,4826,2626,250,1962,29,173,246,11,471,12,413,201,1612,668,637,82,362,213,392,2436,14,87,2417,13732,3100
2011-04-01,331,370,359,218,2452,90,333,811,4815,2631,248,1925,30,177,238,11,462,12,411,194,1639,664,643,81,360,211,384,2494,13,89,2421,13927,3080
2011-05-01,336,370,352,215,2420,89,335,834,4842,2629,254,1981,31,177,234,11,463,12,414,192,1651,672,647,80,358,209,390,2528,13,90,2461,13858,3050
2011-06-01,343,371,360,220,2396,88,337,849,4930,2650,258,1985,32,172,231,11,466,11,409,185,1651,663,631,81,357,209,397,2535,13,89,2440,14085,3090
2011-07-01,360,369,346,222,2377,80,343,872,5018,2665,261,2039,33,162,232,12,465,11,425,177,1660,668,663,83,356,209,387,2568,12,91,2351,13748,3090
2011-08-01,367,374,335,223,2359,75,347,915,5089,2670,262,2072,35,158,227,12,464,10,427,172,1668,685,664,82,357,208,387,2614,12,89,2268,13857,2930
2011-09-01,362,375,346,226,2339,75,347,938,5186,2675,260,2163,37,157,217,12,472,11,442,180,1685,707,669,85,361,207,378,2632,12,93,2153,13908,2780
2011-10-01,349,379,348,227,2315,80,352,989,5247,2704,258,2165,40,158,204,12,467,11,458,200,1703,718,667,88,366,206,394,2678,12,92,2190,13681,2900
2011-11-01,342,387,330,229,2289,79,354,1011,5303,2718,259,2291,42,159,197,11,464,11,474,212,1712,741,689,89,371,205,386,2663,12,93,2152,13310,2930
2011-12-01,338,394,343,225,2267,75,354,1042,5369,2735,265,2383,42,157,197,12,471,12,473,201,1702,764,680,87,374,204,393,2651,11,92,2183,13102,2980
2012-01-01,345,395,351,223,2249,76,356,1057,5441,2748,270,2387,43,158,204,12,483,12,486,192,1697,758,655,83,376,203,397,2622,11,93,2161,12694,2980
2012-02-01,349,397,358,222,2237,77,356,1088,5527,2756,275,2483,44,161,207,12,486,11,482,193,1699,775,621,82,377,204,391,2596,11,86,2208,12789,2960
2012-03-01,348,397,365,227,2234,77,352,1116,5584,2780,279,2621,46,164,207,12,483,11,487,196,1706,793,641,81,375,205,377,2600,11,82,2210,12665,2970
2012-04-01,351,400,366,233,2235,69,345,1149,5668,2810,282,2651,48,170,202,12,481,11,502,200,1724,816,634,82,378,207,376,2562,11,82,2194,12608,2960
2012-05-01,356,403,352,238,2237,68,342,1176,5774,2836,285,2645,51,170,198,13,476,11,501,215,1742,818,639,84,376,208,416,2533,11,86,2144,12669,2880
2012-06-01,358,411,358,229,2234,69,344,1212,5827,2838,288,2707,51,162,196,13,469,12,502,220,1759,824,619,88,374,210,399,2544,11,86,2082,12806,2830
2012-07-01,358,418,370,223,2223,68,344,1228,5911,2837,293,2714,54,148,193,13,463,11,518,222,1774,834,637,94,379,212,406,2497,10,84,2108,12676,2850
2012-08-01,367,418,368,223,2207,66,344,1246,5939,2847,298,2715,53,142,192,13,462,12,517,225,1785,862,622,96,380,212,413,2483,10,85,2150,12495,2750
2012-09-01,378,417,363,222,2193,61,342,1263,5981,2886,303,2775,55,142,192,13,465,12,530,223,1782,862,632,97,376,211,413,2483,10,90,2228,12085,2770
2012-10-01,396,421,387,218,2190,62,337,1267,6000,2945,307,2890,57,149,192,13,471,12,539,214,1776,885,611,96,378,210,407,2500,10,92,2246,12204,2720
2012-11-01,408,423,383,212,2196,63,332,1287,6055,2976,311,2869,58,149,191,13,468,11,554,211,1779,890,601,95,382,211,425,2506,10,96,2308,12038,2690
2012-12-01,412,423,372,215,2206,66,328,1284,6068,2995,315,2878,61,143,188,14,473,11,572,219,1789,905,619,97,386,213,412,2508,10,95,2369,12315,2790
2013-01-01,413,430,377,217,2217,69,324,1296,6100,3023,316,2980,64,133,182,14,476,11,589,225,1816,907,626,101,390,215,402,2538,10,98,2356,12373,2780
2013-02-01,413,433,384,216,2224,67,323,1297,6123,3025,317,3003,65,128,175,14,476,11,601,231,1829,901,636,104,393,216,409,2491,10,99,2352,11941,2830
2013-03-01,414,435,380,217,2221,62,323,1318,6099,3044,317,2966,63,122,172,14,454,11,619,233,1842,893,654,108,392,216,425,2489,10,101,2414,11721,2730
2013-04-01,415,437,374,214,2210,56,325,1340,6088,3063,321,3047,68,117,174,14,448,12,625,229,1857,883,681,109,390,216,419,2505,10,102,2461,11754,2740
2013-05-01,417,432,380,215,2195,54,324,1347,6074,3050,319,3064,69,114,171,15,444,12,632,218,1843,881,655,109,389,215,400,2504,10,101,2445,11653,2740
2013-06-01,416,432,355,206,2180,53,317,1343,6069,3057,319,3083,70,113,170,15,445,12,648,224,1822,869,699,105,390,214,409,2473,10,98,2405,11816,2590
2013-07-01,420,432,368,210,2167,52,306,1344,6098,3042,318,3034,69,121,170,15,441,12,666,232,1800,870,632,100,388,215,405,2470,10,102,2455,11335,2540
2013-08-01,420,430,365,210,2157,54,298,1339,6063,2998,316,3102,72,123,171,15,435,12,670,234,1773,835,647,98,385,217,407,2447,10,103,2499,11258,2710
2013-09-01,422,436,371,202,2147,55,294,1347,6042,3039,322,3126,73,122,170,15,433,12,675,235,1749,820,638,96,385,220,414,2375,10,103,2529,11254,2610
2013-10-01,416,444,354,205,2140,59,291,1336,6016,2981,325,3106,73,117,171,15,412,12,680,238,1725,814,661,96,381,222,403,2315,10,100,2488,11167,2660
2013-11-01,416,444,362,200,2138,60,289,1332,5970,2983,327,3118,71,115,172,15,406,12,677,235,1720,803,637,97,378,223,414,2333,10,104,2497,10848,2610
2013-12-01,420,441,359,209,2139,58,289,1319,5871,2987,326,3161,71,116,171,15,383,12,687,238,1726,779,659,99,377,224,412,2314,10,108,2491,10373,2440
2014-01-01,428,426,342,202,2139,60,290,1311,5830,2997,327,3242,66,115,171,16,361,12,691,241,1745,766,643,101,376,225,417,2222,10,101,2590,10108,2430
2014-02-01,429,411,344,201,2130,56,291,1307,5750,3008,329,3245,67,116,167,15,350,11,699,244,1741,763,643,102,376,225,411,2177,10,96,2622,10352,2380
2014-03-01,428,400,351,193,2117,54,285,1301,5731,3008,333,3220,71,114,161,15,348,12,692,245,1710,757,650,102,374,226,417,2134,10,91,2673,10444,2430
2014-04-01,423,384,328,189,2103,52,278,1304,5689,2991,334,3182,70,110,161,15,354,12,684,238,1661,753,635,99,370,228,419,2083,10,93,2706,9711,2410
2014-05-01,421,378,327,195,2090,47,272,1304,5659,2990,332,3219,70,106,164,16,363,12,672,234,1611,744,624,98,366,230,394,2034,9,90,2764,9805,2370
2014-06-01,420,377,330,196,2085,47,268,1285,5610,2998,328,3074,70,104,162,16,361,12,656,244,1563,743,633,96,361,232,422,1991,9,95,2841,9511,2440
2014-07-01,420,386,307,199,2089,48,266,1267,5596,3007,323,3229,70,106,154,16,347,12,648,246,1512,734,616,96,358,233,405,1946,9,97,2949,9603,2480
2014-08-01,422,389,319,199,2095,51,264,1255,5531,3010,321,3141,70,107,153,16,335,12,637,242,1474,703,627,96,355,236,418,1935,9,104,2951,9563,2310
2014-09-01,424,391,311,199,2098,50,258,1250,5499,3055,320,3259,70,106,147,16,322,12,630,246,1449,693,601,97,347,240,405,1925,9,102,3053,9259,2350
2014-10-01,422,376,303,198,2089,46,250,1244,5505,3062,319,3290,71,105,152,16,327,11,632,247,1439,698,628,98,344,242,416,1884,8,106,3052,9015,2380
2014-11-01,423,360,312,198,2069,44,244,1235,5471,3091,317,3346,72,103,155,16,325,11,635,247,1435,693,629,98,340,243,414,1827,8,104,3085,9143,2290
2014-12-01,423,343,307,189,2041,44,243,1232,5443,3076,318,3139,72,99,150,17,330,11,643,245,1428,694,607,96,337,243,392,1812,8,108,3033,8690,2270
2015-01-01,430,334,311,186,2016,45,244,1232,5358,3051,319,3147,71,96,141,17,337,11,645,241,1424,700,642,92,337,244,409,1799,8,114,3016,8802,2360
2015-02-01,436,327,303,184,1998,44,243,1233,5283,3046,320,3140,70,97,136,17,334,11,633,238,1405,689,653,91,332,245,411,1789,8,119,3012,8614,2310
2015-03-01,439,331,299,191,1989,46,238,1228,5237,3061,317,3187,68,99,133,17,329,11,626,249,1372,673,639,92,328,247,392,1777,8,121,3009,8560,2270
2015-04-01,432,332,281,188,1981,47,234,1211,5213,3079,313,3111,66,96,137,18,317,11,625,259,1332,654,644,95,322,247,406,1820,8,119,2986,8561,2220
2015-05-01,425,328,271,184,1968,44,230,1199,5177,3101,311,3108,65,97,135,18,315,12,617,262,1301,636,632,96,317,249,400,1822,8,124,3029,8787,2200
2015-06-01,416,319,261,182,1952,40,225,1196,5138,3087,306,3124,64,99,136,18,310,11,611,254,1284,633,629,95,314,251,391,1801,8,130,3075,8266,2240
2015-07-01,395,306,263,181,1933,36,219,1194,5028,3066,302,2973,64,99,135,18,307,11,603,246,1281,632,609,92,312,253,372,1763,7,127,3038,8187,2230
2015-08-01,393,295,257,180,1918,37,217,1184,4947,3057,299,2923,62,99,135,18,295,11,604,246,1274,632,625,89,309,253,364,1749,7,126,3056,7937,2230
2015-09-01,404,281,245,176,1907,38,217,1190,4887,3042,296,2917,59,98,133,18,294,11,609,248,1261,639,614,87,306,253,381,1711,7,124,3083,7920,2260
2015-10-01,424,270,250,177,1901,43,217,1180,4851,3028,293,2961,56,99,133,18,290,11,616,254,1247,637,604,85,302,252,375,1654,7,127,3148,7930,2110
2015-11-01,434,265,237,178,1896,45,216,1174,4774,3020,289,2899,54,99,128,18,287,11,596,260,1226,629,600,85,297,251,360,1649,7,132,3109,8059,2160
2015-12-01,433,263,232,177,1888,44,214,1159,4752,3018,282,2960,53,99,126,18,279,11,588,265,1199,619,596,85,293,249,376,1641,7,132,3087,7894,2160
2016-01-01,417,262,234,176,1874,45,207,1164,4684,3029,273,2949,52,100,118,18,269,11,574,270,1161,611,582,83,286,247,367,1662,6,142,3044,7655,2140
2016-02-01,409,264,223,176,1858,43,205,1149,4661,3060,265,2999,53,98,117,18,262,11,581,271,1135,616,565,82,283,244,373,1656,6,137,3015,7766,2180
2016-03-01,407,267,217,175,1844,46,205,1144,4625,3011,259,2946,53,96,119,18,258,11,574,262,1114,606,560,82,280,243,384,1632,6,138,2977,7973,2140
2016-04-01,408,266,218,180,1833,44,206,1131,4638,2983,252,3011,53,95,116,18,249,11,572,266,1099,589,545,80,278,241,356,1614,6,134,3007,7994,2140
2016-05-01,404,264,211,178,1825,45,206,1133,4604,2957,247,2976,54,95,123,17,239,11,560,281,1089,574,544,80,275,240,379,1611,6,133,3150,7624,2110
2016-06-01,401,259,220,175,1813,48,204,1130,4552,2936,244,3012,55,96,120,17,232,11,550,281,1078,569,531,78,270,238,355,1613,6,133,3331,7807,2080
2016-07-01,390,247,223,177,1795,47,197,1126,4472,2894,240,2992,55,97,119,17,229,10,541,279,1067,563,534,74,267,236,357,1614,6,132,3387,7687,2020
2016-08-01,384,238,202,177,1767,53,194,1123,4413,2911,236,2961,55,96,115,18,227,10,521,278,1051,562,518,74,263,234,375,1572,6,133,3487,7746,2090
2016-09-01,374,231,206,182,1737,49,185,1112,4360,2924,233,3058,56,95,113,18,222,9,510,273,1027,562,537,76,258,234,351,1574,6,132,3500,7999,2010
2016-10-01,362,224,201,179,1707,50,178,1112,4277,2976,231,3021,56,93,112,18,212,10,502,263,1002,547,484,81,253,235,366,1568,6,129,3649,7817,1980
2016-11-01,360,218,192,174,1683,46,174,1116,4264,2975,229,3093,54,92,111,18,210,9,499,256,970,538,482,83,248,235,364,1547,6,123,3695,7528,2020
2016-12-01,364,216,190,172,1669,44,173,1118,4206,2934,228,3050,53,91,112,18,198,10,482,252,939,517,476,82,244,235,369,1529,6,117,3732,7478,2010
2017-01-01,379,215,187,178,1662,41,174,1102,4173,2850,225,3028,52,91,114,17,198,9,480,253,898,513,458,78,239,235,365,1516,6,113,3692,7466,2010
2017-02-01,386,215,179,183,1660,38,172,1077,4137,2810,220,2963,52,88,113,17,198,9,473,257,877,502,466,74,236,236,368,1506,6,118,3656,7425,1940
2017-03-01,380,214,172,177,1657,39,166,1056,4093,2808,216,2976,51,86,109,16,203,9,463,257,874,498,469,71,235,237,340,1492,6,123,3599,7094,1860
2017-04-01,365,213,175,170,1653,44,158,1043,4004,2815,212,2877,51,87,110,16,202,9,456,254,887,489,449,68,235,237,365,1461,6,126,3512,7102,1870
2017-05-01,358,210,160,174,1647,48,154,1040,3934,2824,205,2943,50,88,105,16,201,9,456,247,889,476,481,67,232,235,364,1458,6,125,3508,7039,2060
2017-06-01,355,210,157,175,1637,45,153,1023,3869,2826,200,2880,48,88,102,16,197,9,446,243,873,472,469,67,222,233,353,1446,6,120,3451,6940,1900
2017-07-01,358,210,151,178,1625,41,155,1004,3828,2853,198,2964,45,87,99,16,197,9,436,243,848,464,451,66,220,231,371,1421,6,114,3484,6903,1900
2017-08-01,357,209,147,176,1612,36,155,993,3808,2835,196,2959,44,85,98,16,188,9,426,243,830,454,446,66,218,230,346,1403,6,112,3379,7047,1860
2017-09-01,347,202,141,171,1596,40,156,998,3796,2776,192,2908,44,83,95,16,185,10,422,235,815,443,443,65,216,230,368,1402,6,110,3390,6869,1870
2017-10-01,335,197,136,166,1576,37,153,1000,3786,2723,187,2872,43,82,97,16,181,9,404,239,794,437,435,62,214,229,368,1412,6,109,3296,6576,1830
2017-11-01,321,195,133,159,1555,38,150,997,3779,2684,183,2864,43,81,97,16,179,9,397,247,772,417,426,61,211,229,342,1432,7,111,3267,6721,1810
2017-12-01,312,192,129,160,1534,40,146,990,3764,2686,177,2813,44,79,98,16,174,10,395,248,744,408,412,59,206,228,354,1414,7,112,3180,6551,1830
2018-01-01,305,185,124,153,1516,47,142,974,3736,2726,172,2856,42,78,96,16,174,9,380,237,702,404,398,58,199,224,359,1389,7,111,3160,6558,1640
2018-02-01,305,180,132,155,1503,47,139,970,3695,2732,167,2806,41,76,95,16,170,9,367,227,672,391,395,57,193,220,310,1404,6,107,3144,6663,1720
2018-03-01,308,177,123,149,1494,42,139,953,3633,2722,162,2840,38,76,95,16,172,9,357,222,655,383,384,56,189,215,327,1393,6,109,3171,6492,1700
2018-04-01,317,178,120,158,1488,36,140,941,3566,2711,158,2853,36,76,88,16,170,9,355,218,642,368,395,56,188,211,348,1355,6,107,3292,6429,1710
2018-05-01,315,179,122,155,1485,35,140,923,3510,2698,155,2764,36,77,85,16,170,9,352,215,641,366,391,56,186,207,330,1310,6,108,3407,6180,1550
2018-06-01,307,177,123,154,1482,34,138,916,3451,2684,155,2817,36,76,88,16,170,9,354,219,652,356,382,55,182,205,353,1323,6,108,3522,6500,1680
2018-07-01,300,178,122,153,1477,36,136,907,3415,2688,151,2681,36,72,88,17,174,9,348,223,670,355,378,54,177,202,349,1342,6,111,3574,6202,1720
2018-08-01,290,176,130,147,1468,37,135,899,3399,2685,145,2642,36,70,87,17,177,9,353,220,672,361,377,52,173,199,346,1357,6,113,3644,6146,1680
2018-09-01,287,171,115,148,1454,40,135,892,3369,2672,141,2682,36,68,91,17,173,9,343,224,667,341,362,50,171,195,353,1356,6,111,3717,6069,1590
2018-10-01,294,163,110,145,1438,37,137,879,3343,2641,138,2786,33,68,91,16,171,9,337,221,655,343,371,47,169,191,343,1330,6,112,3806,6100,1630
2018-11-01,294,157,105,157,1421,32,136,877,3310,2615,134,2733,34,68,86,16,171,9,326,213,648,345,372,45,167,188,347,1320,6,104,3982,6046,1700
2018-12-01,291,156,116,153,1408,30,132,873,3288,2610,131,2692,33,67,88,16,170,9,329,211,648,343,360,45,163,185,363,1287,6,104,4162,6276,1660
2019-01-01,284,159,112,159,1399,30,124,880,3277,2594,129,2694,34,66,89,16,164,9,329,215,649,340,353,47,162,184,336,1283,6,107,4325,6506,1700
2019-02-01,279,158,105,154,1391,32,120,873,3261,2569,127,2713,34,64,89,16,159,10,312,216,640,335,346,47,159,185,368,1254,6,107,4429,6210,1610
2019-03-01,278,152,115,160,1383,28,120,857,3252,2548,125,2625,34,63,89,17,158,9,307,216,619,333,331,46,157,185,399,1250,7,100,4488,6192,1710
2019-04-01,281,145,109,156,1373,35,126,832,3243,2515,122,2619,33,62,88,17,161,9,300,214,586,340,355,45,157,185,353,1259,7,93,4481,5863,1670
2019-05-01,280,140,112,149,1361,35,125,818,3243,2503,121,2589,32,62,89,17,161,9,302,209,564,342,352,44,157,185,365,1298,7,95,4512,5909,1630
2019-06-01,278,136,100,142,1353,32,125,810,3259,2512,121,2535,32,62,91,18,162,9,313,203,555,340,343,46,158,185,357,1278,7,102,4517,5969,1610
2019-07-01,272,134,112,144,1350,29,123,805,3287,2520,121,2579,31,62,92,17,157,9,313,203,546,335,362,49,159,186,390,1285,7,108,4634,6038,1550
2019-08-01,267,132,104,150,1357,28,120,797,3298,2515,119,2490,30,60,96,17,161,9,321,203,534,332,347,50,159,187,395,1278,7,107,4603,5994,1560
2019-09-01,264,134,114,160,1373,30,118,794,3252,2478,117,2561,29,58,97,17,164,9,323,203,519,341,368,50,159,186,369,1267,7,110,4525,5772,1660
2019-10-01,261,140,109,158,1392,29,115,780,3230,2457,114,2512,29,57,94,17,166,9,323,196,505,338,350,48,158,186,368,1255,7,109,4424,5831,1650
2019-11-01,262,142,114,155,1408,30,115,771,3194,2441,113,2525,29,57,96,17,159,9,324,192,495,348,361,47,158,185,407,1237,7,113,4320,5819,1530